population_id,family,pos0,from_state,to_state,weight_sum,count_sum,n_samples
MIX,TRBJ1-1,0,T,*,9.203900131091318,31771,54
MIX,TRBJ1-1,0,T,G,8.186611198932095,31115,54
MIX,TRBJ1-1,1,G,*,23.811229423418425,76147,54
MIX,TRBJ1-1,1,G,A,21.679230230221297,74612,54
MIX,TRBJ1-1,2,A,*,26.354629605735227,90037,54
MIX,TRBJ1-1,2,A,A,21.631676540632753,86510,54
MIX,TRBJ1-1,3,A,*,28.611980944601672,108313,54
MIX,TRBJ1-1,3,A,C,26.999315432701184,107235,54
MIX,TRBJ1-1,4,C,*,37.04476040183441,137009,54
MIX,TRBJ1-1,4,C,A,35.55874524264506,136004,54
MIX,TRBJ1-1,5,A,*,42.27532766327256,161390,54
MIX,TRBJ1-1,5,A,C,41.27058295930906,160750,54
MIX,TRBJ1-1,6,C,*,45.41541954193966,175212,54
MIX,TRBJ1-1,6,C,T,44.544032457754895,174607,54
MIX,TRBJ1-1,7,T,*,48.23973571192013,186771,54
MIX,TRBJ1-1,7,T,G,48.12489767619049,186683,54
MIX,TRBJ1-1,8,G,*,51.38944645735674,195773,54
MIX,TRBJ1-1,8,G,A,50.70276900296523,195296,54
MIX,TRBJ1-1,9,A,*,51.24844065377031,197652,54
MIX,TRBJ1-1,9,A,A,50.06778352879606,196872,54
MIX,TRBJ1-1,10,A,*,51.57741942011512,201882,54
MIX,TRBJ1-1,10,A,G,51.47914728761181,201810,54
MIX,TRBJ1-1,11,G,*,53.54517473964931,207460,54
MIX,TRBJ1-1,11,G,C,53.492371181102484,207422,54
MIX,TRBJ1-1,12,C,*,53.725246910044966,208268,54
MIX,TRBJ1-1,12,C,T,53.6265637449908,208208,54
MIX,TRBJ1-1,13,T,*,53.73795024190896,208564,54
MIX,TRBJ1-1,13,T,T,53.73045180715923,208558,54
MIX,TRBJ1-1,14,T,*,53.8672039176214,208786,54
MIX,TRBJ1-1,14,T,T,53.859963413595565,208782,54
MIX,TRBJ1-1,15,T,*,53.892318406562985,208935,54
MIX,TRBJ1-1,15,T,C,53.850850390749784,208915,54
MIX,TRBJ1-1,16,C,*,53.88400050897566,209077,54
MIX,TRBJ1-1,16,C,T,53.83318675959775,209044,54
MIX,TRBJ1-1,17,T,*,53.905907209703315,209242,54
MIX,TRBJ1-1,17,T,T,53.905907209703315,209242,54
MIX,TRBJ1-1,18,T,*,53.96691009142101,209318,54
MIX,TRBJ1-1,18,T,T,53.949722641257836,209309,54
MIX,TRBJ1-1,19,T,*,53.956988899329495,209341,54
MIX,TRBJ1-1,19,T,G,53.944750909887716,209335,54
MIX,TRBJ1-1,20,G,*,53.963604955174716,209402,54
MIX,TRBJ1-1,20,G,G,53.953264387797056,209396,54
MIX,TRBJ1-1,21,G,*,53.976474860189235,209419,54
MIX,TRBJ1-1,21,G,A,53.97360129697084,209416,54
MIX,TRBJ1-1,22,A,*,53.98496121162297,209431,54
MIX,TRBJ1-1,22,A,C,53.983045502810704,209429,54
MIX,TRBJ1-1,23,C,*,53.98770105725029,209448,54
MIX,TRBJ1-1,23,C,A,53.98770105725029,209448,54
MIX,TRBJ1-1,24,A,*,53.989746758963115,209451,54
MIX,TRBJ1-1,24,A,A,53.98149929136421,209445,54
MIX,TRBJ1-1,25,A,*,53.984129015183825,209457,54
MIX,TRBJ1-1,25,A,G,53.98088050408475,209455,54
MIX,TRBJ1-1,26,G,*,53.990535636264205,209471,54
MIX,TRBJ1-1,26,G,G,53.98125097163944,209464,54
MIX,TRBJ1-1,27,G,*,53.98740297766842,209476,54
MIX,TRBJ1-1,27,G,C,53.968284883563136,209464,54
MIX,TRBJ1-1,28,C,*,53.97801097619894,209475,54
MIX,TRBJ1-1,28,C,A,53.97801097619894,209475,54
MIX,TRBJ1-1,29,A,*,53.99759387264678,209490,54
MIX,TRBJ1-1,29,A,C,53.99300203591209,209487,54
MIX,TRBJ1-1,30,C,*,53.9942579209244,209496,54
MIX,TRBJ1-1,30,C,C,53.99111161783053,209494,54
MIX,TRBJ1-1,31,C,*,53.99669109687329,209498,54
MIX,TRBJ1-1,31,C,A,53.994775388061036,209496,54
MIX,TRBJ1-1,32,A,*,53.9980520626538,209501,54
MIX,TRBJ1-1,32,A,G,53.99621551536271,209498,54
MIX,TRBJ1-1,33,G,*,53.99816345270875,209501,54
MIX,TRBJ1-1,33,G,A,53.99816345270875,209501,54
MIX,TRBJ1-1,34,A,*,53.999999999999844,209504,54
MIX,TRBJ1-1,34,A,C,53.99675324675309,209502,54
MIX,TRBJ1-1,35,C,*,53.99675324675309,209502,54
MIX,TRBJ1-1,35,C,T,53.993618450514845,209500,54
MIX,TRBJ1-1,36,T,*,53.9968652037616,209502,54
MIX,TRBJ1-1,36,T,C,53.97753579668118,209491,54
MIX,TRBJ1-1,37,C,*,53.97753579668118,209491,54
MIX,TRBJ1-1,37,C,A,53.97440100044294,209489,54
MIX,TRBJ1-1,38,A,*,53.980336703815745,209493,54
MIX,TRBJ1-1,38,A,C,53.97238864351659,209487,54
MIX,TRBJ1-1,39,C,*,53.99205193970069,209498,54
MIX,TRBJ1-1,39,C,A,53.98287612729499,209491,54
MIX,TRBJ1-1,40,A,*,53.99082418759415,209497,54
MIX,TRBJ1-1,40,A,G,53.97644248003063,209489,54
MIX,TRBJ1-1,41,G,*,53.985618292436314,209496,54
MIX,TRBJ1-1,41,G,T,53.96918802469677,209483,54
MIX,TRBJ1-1,42,T,*,53.98356973226029,209491,54
MIX,TRBJ1-1,42,T,T,53.77311968839994,209341,54
MIX,TRBJ1-1,43,T,*,53.78954995613949,209354,54
MIX,TRBJ1-1,43,T,G,53.70900084027401,209314,54
MIX,TRBJ1-1,44,G,*,53.70900084027401,209314,54
MIX,TRBJ1-1,44,G,T,53.70900084027401,209314,54
MIX,TRBJ1-1,45,T,*,53.936457312049875,209471,54
MIX,TRBJ1-1,45,T,A,53.91532237138991,209457,54
MIX,TRBJ1-1,46,A,*,53.97886505933987,209490,54
MIX,TRBJ1-1,46,A,G,53.97354276483957,209487,54
MIX,TRBJ1-1,2,A,G,2.775644864761813,2189,54
MIX,TRBJ1-1,3,G,*,2.804036292081048,2210,54
MIX,TRBJ1-1,3,G,C,2.784013680927787,2197,54
MIX,TRBJ1-1,0,G,*,1.9170186092355197,1399,52
MIX,TRBJ1-1,0,G,G,1.9170186092355197,1399,52
MIX,TRBJ1-1,1,G,G,1.7012787743990323,1271,53
MIX,TRBJ1-1,2,G,*,1.702338508454284,1273,53
MIX,TRBJ1-1,2,G,A,1.6754027893568881,1254,53
MIX,TRBJ1-1,9,A,G,0.82372965601577,543,50
MIX,TRBJ1-1,10,G,*,0.82372965601577,543,50
MIX,TRBJ1-1,10,G,G,0.82372965601577,543,50
MIX,TRBJ1-1,5,A,G,0.584803735344726,378,45
MIX,TRBJ1-1,6,G,*,0.596913531741006,389,45
MIX,TRBJ1-1,6,G,T,0.5791881086049732,379,45
MIX,TRBJ1-1,42,T,-,0.21045004386035096,150,31
MIX,TRBJ1-1,43,-,*,0.21045004386035096,150,31
MIX,TRBJ1-1,43,-,-,0.21045004386035096,150,31
MIX,TRBJ1-1,44,-,*,0.21412313844253636,154,31
MIX,TRBJ1-1,44,-,T,0.21412313844253636,154,31
MIX,TRBJ1-1,9,A,C,0.21096720180602963,141,29
MIX,TRBJ1-1,10,C,*,0.21096720180602963,141,29
MIX,TRBJ1-1,10,C,G,0.21096720180602963,141,29
MIX,TRBJ1-1,3,A,G,0.666526472667134,444,48
MIX,TRBJ1-1,4,G,*,0.6768425933280823,451,48
MIX,TRBJ1-1,4,G,A,0.6768425933280823,451,48
MIX,TRBJ1-1,3,A,T,0.4438378294797021,301,39
MIX,TRBJ1-1,4,T,*,0.45116097992434046,307,39
MIX,TRBJ1-1,4,T,A,0.45116097992434046,307,39
MIX,TRBJ1-1,0,T,T,0.39316456777563286,258,42
MIX,TRBJ1-1,1,T,*,0.39316456777563286,258,42
MIX,TRBJ1-1,1,T,A,0.39316456777563286,258,42
MIX,TRBJ1-2,0,C,*,7.522998716534176,13588,54
MIX,TRBJ1-2,0,C,T,4.823165039723699,12202,54
MIX,TRBJ1-2,1,T,*,9.37702521847121,20217,54
MIX,TRBJ1-2,1,T,A,8.248279318852749,19650,54
MIX,TRBJ1-2,2,A,*,16.279471496150745,37647,54
MIX,TRBJ1-2,2,A,A,13.819421127030534,36430,54
MIX,TRBJ1-2,3,A,*,19.696907183626774,51933,54
MIX,TRBJ1-2,3,A,C,18.674920609993904,51428,54
MIX,TRBJ1-2,4,C,*,30.95794758652103,85733,54
MIX,TRBJ1-2,4,C,T,29.934865584994732,85193,54
MIX,TRBJ1-2,5,T,*,35.88093517418112,101127,54
MIX,TRBJ1-2,5,T,A,34.54091518828142,100441,54
MIX,TRBJ1-2,6,A,*,40.18010971252933,117970,54
MIX,TRBJ1-2,6,A,T,38.88848022330302,117288,54
MIX,TRBJ1-2,7,T,*,44.499867424531345,133614,54
MIX,TRBJ1-2,7,T,G,44.34962487509344,133540,54
MIX,TRBJ1-2,8,G,*,52.14821158010779,158704,54
MIX,TRBJ1-2,8,G,G,51.8902399808587,158571,54
MIX,TRBJ1-2,9,G,*,52.481776127760895,160285,54
MIX,TRBJ1-2,9,G,C,52.153133457775766,160110,54
MIX,TRBJ1-2,10,C,*,52.8524813914464,161875,54
MIX,TRBJ1-2,10,C,T,52.829322628872916,161862,54
MIX,TRBJ1-2,11,T,*,53.28666835281351,162506,54
MIX,TRBJ1-2,11,T,A,53.250845478096394,162489,54
MIX,TRBJ1-2,12,A,*,53.4441386727949,163089,54
MIX,TRBJ1-2,12,A,C,53.43857796843901,163087,54
MIX,TRBJ1-2,13,C,*,53.64653162483969,163745,54
MIX,TRBJ1-2,13,C,A,53.63845567958085,163741,54
MIX,TRBJ1-2,14,A,*,53.7563004312805,164197,54
MIX,TRBJ1-2,14,A,C,53.74312035881633,164191,54
MIX,TRBJ1-2,15,C,*,53.810436831648964,164434,54
MIX,TRBJ1-2,15,C,C,53.80037643801078,164428,54
MIX,TRBJ1-2,16,C,*,53.90987307298899,164806,54
MIX,TRBJ1-2,16,C,T,53.902825108951106,164801,54
MIX,TRBJ1-2,17,T,*,53.954348664620035,164961,54
MIX,TRBJ1-2,17,T,T,53.954348664620035,164961,54
MIX,TRBJ1-2,18,T,*,53.970404827922984,165012,54
MIX,TRBJ1-2,18,T,C,53.96072524350499,165008,54
MIX,TRBJ1-2,19,C,*,53.96906466877878,165043,54
MIX,TRBJ1-2,19,C,G,53.943764302823034,165031,54
MIX,TRBJ1-2,20,G,*,53.962234269965144,165059,54
MIX,TRBJ1-2,20,G,G,53.951503501504256,165052,54
MIX,TRBJ1-2,21,G,*,53.9732831127058,165066,54
MIX,TRBJ1-2,21,G,T,53.9732831127058,165066,54
MIX,TRBJ1-2,22,T,*,53.99086834867836,165086,54
MIX,TRBJ1-2,22,T,T,53.99086834867836,165086,54
MIX,TRBJ1-2,23,T,*,53.993307786059546,165095,54
MIX,TRBJ1-2,23,T,C,53.98879989725414,165093,54
MIX,TRBJ1-2,24,C,*,53.991187570654766,165097,54
MIX,TRBJ1-2,24,C,G,53.942871631592986,165072,54
MIX,TRBJ1-2,25,G,*,53.94802944510662,165077,54
MIX,TRBJ1-2,25,G,G,53.94530217237935,165075,54
MIX,TRBJ1-2,26,G,*,53.99512569698935,165103,54
MIX,TRBJ1-2,26,G,G,53.99512569698935,165103,54
MIX,TRBJ1-2,27,G,*,53.99785296971662,165105,54
MIX,TRBJ1-2,27,G,G,53.99428578779034,165103,54
MIX,TRBJ1-2,28,G,*,53.99448441615082,165105,54
MIX,TRBJ1-2,28,G,A,53.99448441615082,165105,54
MIX,TRBJ1-2,29,A,*,53.99824253709024,165109,54
MIX,TRBJ1-2,29,A,C,53.989601120693266,165105,54
MIX,TRBJ1-2,30,C,*,53.990251634471186,165108,54
MIX,TRBJ1-2,30,C,C,53.990251634471186,165108,54
MIX,TRBJ1-2,31,C,*,53.999244707421255,165113,54
MIX,TRBJ1-2,31,C,A,53.999244707421255,165113,54
MIX,TRBJ1-2,32,A,*,53.99958555744831,165114,54
MIX,TRBJ1-2,32,A,G,53.994916296747924,165112,54
MIX,TRBJ1-2,33,G,*,53.995330739299426,165115,54
MIX,TRBJ1-2,33,G,G,53.94821879303211,165092,54
MIX,TRBJ1-2,34,G,*,53.9528880537325,165094,54
MIX,TRBJ1-2,34,G,T,53.94821879303211,165092,54
MIX,TRBJ1-2,35,T,*,53.995330739299426,165115,54
MIX,TRBJ1-2,35,T,T,53.995330739299426,165115,54
MIX,TRBJ1-2,36,T,*,53.999999999999815,165117,54
MIX,TRBJ1-2,36,T,A,53.999999999999815,165117,54
MIX,TRBJ1-2,37,A,*,53.999999999999815,165117,54
MIX,TRBJ1-2,37,A,A,53.999999999999815,165117,54
MIX,TRBJ1-2,38,A,*,53.999999999999815,165117,54
MIX,TRBJ1-2,38,A,C,53.999999999999815,165117,54
MIX,TRBJ1-2,39,C,*,53.999999999999815,165117,54
MIX,TRBJ1-2,39,C,C,53.999999999999815,165117,54
MIX,TRBJ1-2,40,C,*,53.999999999999815,165117,54
MIX,TRBJ1-2,40,C,G,53.98508659771815,165109,54
MIX,TRBJ1-2,41,G,*,53.98508659771815,165109,54
MIX,TRBJ1-2,41,G,T,53.970096359361655,165103,54
MIX,TRBJ1-2,42,T,*,53.985009761643326,165111,54
MIX,TRBJ1-2,42,T,T,53.95547380705106,165096,54
MIX,TRBJ1-2,43,T,*,53.970464045407546,165102,54
MIX,TRBJ1-2,43,T,G,53.899231290788414,165069,54
MIX,TRBJ1-2,44,G,*,53.899231290788414,165069,54
MIX,TRBJ1-2,44,G,T,53.899231290788414,165069,54
MIX,TRBJ1-2,45,T,*,53.94144363376185,165090,54
MIX,TRBJ1-2,45,T,A,53.936561615861116,165088,54
MIX,TRBJ1-2,46,A,*,53.99511798209908,165115,54
MIX,TRBJ1-2,46,A,G,53.99239070937181,165113,54
MIX,TRBJ1-2,0,C,A,0.612289196776907,323,45
MIX,TRBJ1-2,1,A,*,0.612289196776907,323,45
MIX,TRBJ1-2,1,A,A,0.612289196776907,323,45
MIX,TRBJ1-2,0,C,C,1.016777190289355,513,52
MIX,TRBJ1-2,1,C,*,1.0189701727454954,514,52
MIX,TRBJ1-2,1,C,A,1.0189701727454954,514,52
MIX,TRBJ1-2,6,A,C,1.2818206218860586,678,48
MIX,TRBJ1-2,7,C,*,1.2818206218860586,678,48
MIX,TRBJ1-2,7,C,G,1.2818206218860586,678,48
MIX,TRBJ1-2,2,A,G,1.0943947420731488,543,50
MIX,TRBJ1-2,3,G,*,1.099378130777468,545,50
MIX,TRBJ1-2,3,G,C,1.099378130777468,545,50
MIX,TRBJ1-2,2,A,T,0.6026993048041247,295,46
MIX,TRBJ1-2,3,T,*,0.6150851468561628,302,46
MIX,TRBJ1-2,3,T,C,0.6098632147412804,300,46
MIX,TRBJ1-2,4,C,G,0.5321952782678673,289,41
MIX,TRBJ1-2,5,G,*,0.5321952782678673,289,41
MIX,TRBJ1-2,5,G,A,0.5321952782678673,289,41
MIX,TRBJ1-2,3,A,G,0.33008489371097277,154,35
MIX,TRBJ1-2,4,G,*,0.3305394391655182,155,35
MIX,TRBJ1-2,4,G,T,0.3305394391655182,155,35
MIX,TRBJ1-2,2,A,C,0.7629563222429403,379,48
MIX,TRBJ1-2,3,C,*,0.7678383401436726,381,48
MIX,TRBJ1-2,3,C,C,0.7678383401436726,381,48
MIX,TRBJ1-2,1,T,G,0.5841322819994036,297,45
MIX,TRBJ1-2,2,G,*,0.5849043074308296,298,45
MIX,TRBJ1-2,2,G,A,0.5752516580261214,294,45
MIX,TRBJ1-2,0,C,G,1.0707672897442169,550,51
MIX,TRBJ1-2,1,G,*,1.0776054068729566,555,51
MIX,TRBJ1-2,1,G,A,1.0776054068729566,555,51
MIX,TRBJ1-2,4,C,C,0.2879781873198397,149,32
MIX,TRBJ1-2,5,C,*,0.2879781873198397,149,32
MIX,TRBJ1-2,5,C,A,0.2879781873198397,149,32
MIX,TRBJ1-2,5,T,C,0.8695460202422106,436,50
MIX,TRBJ1-2,6,C,*,0.8695460202422106,436,50
MIX,TRBJ1-2,6,C,T,0.8659293837141817,434,50
MIX,TRBJ1-2,0,T,*,0.4732288716442204,250,38
MIX,TRBJ1-2,0,T,T,0.4732288716442204,250,38
MIX,TRBJ1-3,0,C,*,19.195820085946472,14421,54
MIX,TRBJ1-3,0,C,T,18.09183196922281,14100,54
MIX,TRBJ1-3,1,T,*,24.503274370035456,17643,54
MIX,TRBJ1-3,1,T,C,24.08301446298401,17534,54
MIX,TRBJ1-3,2,C,*,31.88074056212647,23185,54
MIX,TRBJ1-3,2,C,T,29.258073239006205,22468,54
MIX,TRBJ1-3,3,T,*,34.37083340604244,26183,54
MIX,TRBJ1-3,3,T,G,34.315178488580614,26169,54
MIX,TRBJ1-3,4,G,*,47.2942061921298,34476,54
MIX,TRBJ1-3,4,G,G,47.10906614889686,34423,54
MIX,TRBJ1-3,5,G,*,48.71924012771716,35579,54
MIX,TRBJ1-3,5,G,A,47.09821073202357,35126,54
MIX,TRBJ1-3,6,A,*,48.36100759425267,36060,54
MIX,TRBJ1-3,6,A,A,47.82772051928216,35897,54
MIX,TRBJ1-3,7,A,*,50.53840190457961,37266,54
MIX,TRBJ1-3,7,A,A,50.50455759699822,37257,54
MIX,TRBJ1-3,8,A,*,52.57020075250418,38693,54
MIX,TRBJ1-3,8,A,C,52.57020075250418,38693,54
MIX,TRBJ1-3,9,C,*,53.150815541668685,39159,54
MIX,TRBJ1-3,9,C,A,53.150815541668685,39159,54
MIX,TRBJ1-3,10,A,*,53.36587982099159,39344,54
MIX,TRBJ1-3,10,A,C,53.36587982099159,39344,54
MIX,TRBJ1-3,11,C,*,53.59735418277462,39502,54
MIX,TRBJ1-3,11,C,C,53.59735418277462,39502,54
MIX,TRBJ1-3,12,C,*,53.67436634573412,39557,54
MIX,TRBJ1-3,12,C,A,53.59246036156976,39534,54
MIX,TRBJ1-3,13,A,*,53.6432748164027,39564,54
MIX,TRBJ1-3,13,A,T,53.59110525393374,39553,54
MIX,TRBJ1-3,14,T,*,53.62399945102691,39586,54
MIX,TRBJ1-3,14,T,A,53.62399945102691,39586,54
MIX,TRBJ1-3,15,A,*,53.82140788534534,39673,54
MIX,TRBJ1-3,15,A,T,53.82140788534534,39673,54
MIX,TRBJ1-3,16,T,*,53.868956342473176,39708,54
MIX,TRBJ1-3,16,T,A,53.868956342473176,39708,54
MIX,TRBJ1-3,17,A,*,53.91758234911458,39758,54
MIX,TRBJ1-3,17,A,T,53.91758234911458,39758,54
MIX,TRBJ1-3,18,T,*,53.939118653243014,39783,54
MIX,TRBJ1-3,18,T,T,53.939118653243014,39783,54
MIX,TRBJ1-3,19,T,*,53.973284757502256,39816,54
MIX,TRBJ1-3,19,T,T,53.973284757502256,39816,54
MIX,TRBJ1-3,20,T,*,53.97425205369154,39819,54
MIX,TRBJ1-3,20,T,T,53.97425205369154,39819,54
MIX,TRBJ1-3,21,T,*,53.98350921461599,39826,54
MIX,TRBJ1-3,21,T,G,53.97727868502098,39824,54
MIX,TRBJ1-3,22,G,*,53.985494387637885,39827,54
MIX,TRBJ1-3,22,G,G,53.985494387637885,39827,54
MIX,TRBJ1-3,23,G,*,53.99231429165404,39830,54
MIX,TRBJ1-3,23,G,A,53.99231429165404,39830,54
MIX,TRBJ1-3,24,A,*,53.99231429165404,39830,54
MIX,TRBJ1-3,24,A,G,53.99231429165404,39830,54
MIX,TRBJ1-3,25,G,*,53.99469822769497,39832,54
MIX,TRBJ1-3,25,G,A,53.99469822769497,39832,54
MIX,TRBJ1-3,26,A,*,53.99652483377177,39833,54
MIX,TRBJ1-3,26,A,G,53.99652483377177,39833,54
MIX,TRBJ1-3,27,G,*,53.99926693481788,39835,54
MIX,TRBJ1-3,27,G,G,53.99926693481788,39835,54
MIX,TRBJ1-3,28,G,*,53.99999999999994,39836,54
MIX,TRBJ1-3,28,G,G,53.99999999999994,39836,54
MIX,TRBJ1-3,29,G,*,53.99999999999994,39836,54
MIX,TRBJ1-3,29,G,A,53.99999999999994,39836,54
MIX,TRBJ1-3,30,A,*,53.99999999999994,39836,54
MIX,TRBJ1-3,30,A,A,53.99999999999994,39836,54
MIX,TRBJ1-3,31,A,*,53.99999999999994,39836,54
MIX,TRBJ1-3,31,A,G,53.984224409221554,39832,54
MIX,TRBJ1-3,32,G,*,53.984224409221554,39832,54
MIX,TRBJ1-3,32,G,T,53.984224409221554,39832,54
MIX,TRBJ1-3,33,T,*,53.99999999999994,39836,54
MIX,TRBJ1-3,33,T,T,53.99999999999994,39836,54
MIX,TRBJ1-3,34,T,*,53.99999999999994,39836,54
MIX,TRBJ1-3,34,T,G,53.99999999999994,39836,54
MIX,TRBJ1-3,35,G,*,53.99999999999994,39836,54
MIX,TRBJ1-3,35,G,G,53.99999999999994,39836,54
MIX,TRBJ1-3,36,G,*,53.99999999999994,39836,54
MIX,TRBJ1-3,36,G,C,53.99999999999994,39836,54
MIX,TRBJ1-3,37,C,*,53.99999999999994,39836,54
MIX,TRBJ1-3,37,C,T,53.99999999999994,39836,54
MIX,TRBJ1-3,38,T,*,53.99999999999994,39836,54
MIX,TRBJ1-3,38,T,C,53.99999999999994,39836,54
MIX,TRBJ1-3,39,C,*,53.99999999999994,39836,54
MIX,TRBJ1-3,39,C,A,53.99999999999994,39836,54
MIX,TRBJ1-3,40,A,*,53.99999999999994,39836,54
MIX,TRBJ1-3,40,A,C,53.99999999999994,39836,54
MIX,TRBJ1-3,41,C,*,53.99999999999994,39836,54
MIX,TRBJ1-3,41,C,T,53.99999999999994,39836,54
MIX,TRBJ1-3,42,T,*,53.99999999999994,39836,54
MIX,TRBJ1-3,42,T,G,53.98595210280368,39832,54
MIX,TRBJ1-3,43,G,*,53.98595210280368,39832,54
MIX,TRBJ1-3,43,G,T,53.98595210280368,39832,54
MIX,TRBJ1-3,44,T,*,53.99999999999994,39836,54
MIX,TRBJ1-3,44,T,T,53.99999999999994,39836,54
MIX,TRBJ1-3,45,T,*,53.99999999999994,39836,54
MIX,TRBJ1-3,45,T,G,53.99999999999994,39836,54
MIX,TRBJ1-3,46,G,*,53.99999999999994,39836,54
MIX,TRBJ1-3,46,G,T,53.99999999999994,39836,54
MIX,TRBJ1-3,47,T,*,53.99999999999994,39836,54
MIX,TRBJ1-3,47,T,A,53.99999999999994,39836,54
MIX,TRBJ1-3,48,A,*,53.99999999999994,39836,54
MIX,TRBJ1-3,48,A,G,53.99999999999994,39836,54
MIX,TRBJ1-4,0,C,*,7.152293283040681,7413,54
MIX,TRBJ1-4,0,C,A,6.4183660830006,7191,54
MIX,TRBJ1-4,1,A,*,8.204170897843818,8770,54
MIX,TRBJ1-4,1,A,A,7.286800972667238,8477,54
MIX,TRBJ1-4,2,A,*,10.427914274873332,11260,54
MIX,TRBJ1-4,2,A,C,9.883435074492352,11083,54
MIX,TRBJ1-4,3,C,*,14.719249235888363,15849,54
MIX,TRBJ1-4,3,C,T,14.11112171868567,15642,54
MIX,TRBJ1-4,4,T,*,20.32386851375738,21995,54
MIX,TRBJ1-4,4,T,A,19.943141922938292,21878,54
MIX,TRBJ1-4,5,A,*,28.27071054222014,30155,54
MIX,TRBJ1-4,5,A,A,27.419806148575727,29873,54
MIX,TRBJ1-4,6,A,*,31.8570994527886,35142,54
MIX,TRBJ1-4,6,A,T,29.63576348724798,34399,54
MIX,TRBJ1-4,7,T,*,38.05628200385961,43851,54
MIX,TRBJ1-4,7,T,G,38.02555216586499,43842,54
MIX,TRBJ1-4,8,G,*,50.06045113002722,56983,54
MIX,TRBJ1-4,8,G,A,49.270834494392545,56734,54
MIX,TRBJ1-4,9,A,*,49.67706395721616,57179,54
MIX,TRBJ1-4,9,A,A,49.333035477211695,57070,54
MIX,TRBJ1-4,10,A,*,51.424589404954844,58979,54
MIX,TRBJ1-4,10,A,A,51.390827338963035,58969,54
MIX,TRBJ1-4,11,A,*,52.40917365307063,59935,54
MIX,TRBJ1-4,11,A,A,52.37545756821847,59924,54
MIX,TRBJ1-4,12,A,*,52.83665285495879,60493,54
MIX,TRBJ1-4,12,A,A,52.825401840523064,60488,54
MIX,TRBJ1-4,13,A,*,53.21641152979918,60963,54
MIX,TRBJ1-4,13,A,C,53.21641152979918,60963,54
MIX,TRBJ1-4,14,C,*,53.496152123642894,61330,54
MIX,TRBJ1-4,14,C,T,53.496152123642894,61330,54
MIX,TRBJ1-4,15,T,*,53.603730572786844,61476,54
MIX,TRBJ1-4,15,T,G,53.57472089021632,61468,54
MIX,TRBJ1-4,16,G,*,53.64819328632,61563,54
MIX,TRBJ1-4,16,G,T,52.77311566497533,61282,54
MIX,TRBJ1-4,17,T,*,52.842139321087785,61354,54
MIX,TRBJ1-4,17,T,T,52.83777568472415,61352,54
MIX,TRBJ1-4,18,T,*,53.765892206365386,61704,54
MIX,TRBJ1-4,18,T,T,53.765892206365386,61704,54
MIX,TRBJ1-4,19,T,*,53.823040950453326,61771,54
MIX,TRBJ1-4,19,T,T,53.823040950453326,61771,54
MIX,TRBJ1-4,20,T,*,53.85518277809817,61809,54
MIX,TRBJ1-4,20,T,T,53.85518277809817,61809,54
MIX,TRBJ1-4,21,T,*,53.859818131142426,61816,54
MIX,TRBJ1-4,21,T,T,53.859818131142426,61816,54
MIX,TRBJ1-4,22,T,*,53.87295903486888,61826,54
MIX,TRBJ1-4,22,T,G,53.87295903486888,61826,54
MIX,TRBJ1-4,23,G,*,53.87915977378867,61840,54
MIX,TRBJ1-4,23,G,G,53.87915977378867,61840,54
MIX,TRBJ1-4,24,G,*,53.88472424965282,61848,54
MIX,TRBJ1-4,24,G,C,53.87235837767746,61844,54
MIX,TRBJ1-4,25,C,*,53.90830360727126,61887,54
MIX,TRBJ1-4,25,C,A,53.90830360727126,61887,54
MIX,TRBJ1-4,26,A,*,53.92475511234807,61898,54
MIX,TRBJ1-4,26,A,G,53.92475511234807,61898,54
MIX,TRBJ1-4,27,G,*,53.953080929791255,61937,54
MIX,TRBJ1-4,27,G,T,53.953080929791255,61937,54
MIX,TRBJ1-4,28,T,*,53.96365458266208,61944,54
MIX,TRBJ1-4,28,T,G,53.954577426837574,61942,54
MIX,TRBJ1-4,29,G,*,53.95945123379833,61947,54
MIX,TRBJ1-4,29,G,G,53.95945123379833,61947,54
MIX,TRBJ1-4,30,G,*,53.97197220433675,61951,54
MIX,TRBJ1-4,30,G,A,53.97197220433675,61951,54
MIX,TRBJ1-4,31,A,*,53.97366440886763,61954,54
MIX,TRBJ1-4,31,A,A,53.97366440886763,61954,54
MIX,TRBJ1-4,32,A,*,53.97722335107948,61959,54
MIX,TRBJ1-4,32,A,C,53.97722335107948,61959,54
MIX,TRBJ1-4,33,C,*,53.98173172013119,61965,54
MIX,TRBJ1-4,33,C,C,53.98173172013119,61965,54
MIX,TRBJ1-4,34,C,*,53.987246931966176,61974,54
MIX,TRBJ1-4,34,C,C,53.987246931966176,61974,54
MIX,TRBJ1-4,35,C,*,53.99164990679684,61978,54
MIX,TRBJ1-4,35,C,A,53.99164990679684,61978,54
MIX,TRBJ1-4,36,A,*,53.99999999999982,61982,54
MIX,TRBJ1-4,36,A,G,53.99999999999982,61982,54
MIX,TRBJ1-4,37,G,*,53.99999999999982,61982,54
MIX,TRBJ1-4,37,G,C,53.99999999999982,61982,54
MIX,TRBJ1-4,38,C,*,53.99999999999982,61982,54
MIX,TRBJ1-4,38,C,T,53.99999999999982,61982,54
MIX,TRBJ1-4,39,T,*,53.99999999999982,61982,54
MIX,TRBJ1-4,39,T,C,53.9945404913556,61980,54
MIX,TRBJ1-4,40,C,*,53.9945404913556,61980,54
MIX,TRBJ1-4,40,C,T,53.9945404913556,61980,54
MIX,TRBJ1-4,41,T,*,53.99999999999982,61982,54
MIX,TRBJ1-4,41,T,C,53.99999999999982,61982,54
MIX,TRBJ1-4,42,C,*,53.99999999999982,61982,54
MIX,TRBJ1-4,42,C,T,53.99999999999982,61982,54
MIX,TRBJ1-4,43,T,*,53.99999999999982,61982,54
MIX,TRBJ1-4,43,T,G,53.99999999999982,61982,54
MIX,TRBJ1-4,44,G,*,53.99999999999982,61982,54
MIX,TRBJ1-4,44,G,T,53.99999999999982,61982,54
MIX,TRBJ1-4,45,T,*,53.99999999999982,61982,54
MIX,TRBJ1-4,45,T,C,53.99999999999982,61982,54
MIX,TRBJ1-4,46,C,*,53.99999999999982,61982,54
MIX,TRBJ1-4,46,C,T,53.99999999999982,61982,54
MIX,TRBJ1-4,47,T,*,53.99999999999982,61982,54
MIX,TRBJ1-4,47,T,T,53.99999999999982,61982,54
MIX,TRBJ1-4,48,T,*,53.99999999999982,61982,54
MIX,TRBJ1-4,48,T,G,53.99999999999982,61982,54
MIX,TRBJ1-4,49,G,*,53.99999999999982,61982,54
MIX,TRBJ1-4,49,G,G,53.99999999999982,61982,54
MIX,TRBJ1-4,8,G,G,0.7742738818096839,243,43
MIX,TRBJ1-4,9,G,*,0.7742738818096839,243,43
MIX,TRBJ1-4,9,G,A,0.7742738818096839,243,43
MIX,TRBJ1-4,5,A,G,0.6426314187880061,210,39
MIX,TRBJ1-4,6,G,*,0.6426314187880061,210,39
MIX,TRBJ1-4,6,G,T,0.6426314187880061,210,39
MIX,TRBJ1-4,4,T,T,0.13443008113889043,39,13
MIX,TRBJ1-4,5,T,*,0.13443008113889043,39,13
MIX,TRBJ1-4,5,T,A,0.13443008113889043,39,13
MIX,TRBJ1-5,0,T,*,8.2171305406603,14839,54
MIX,TRBJ1-5,0,T,A,7.071251264389912,14351,54
MIX,TRBJ1-5,1,A,*,13.453169435493047,23869,54
MIX,TRBJ1-5,1,A,G,12.4101710407948,23445,54
MIX,TRBJ1-5,2,G,*,20.547214260377825,36487,54
MIX,TRBJ1-5,2,G,C,17.84428954027618,35317,54
MIX,TRBJ1-5,3,C,*,24.640481360587632,48139,54
MIX,TRBJ1-5,3,C,A,22.31923833804236,47131,54
MIX,TRBJ1-5,4,A,*,32.520093525441474,64193,54
MIX,TRBJ1-5,4,A,A,31.454728034733915,63724,54
MIX,TRBJ1-5,5,A,*,38.87369458341488,77021,54
MIX,TRBJ1-5,5,A,T,37.410522312124165,76393,54
MIX,TRBJ1-5,6,T,*,43.923530910280796,89438,54
MIX,TRBJ1-5,6,T,C,43.834380074474716,89398,54
MIX,TRBJ1-5,7,C,*,50.293968823240995,102393,54
MIX,TRBJ1-5,7,C,A,49.787489020940825,102186,54
MIX,TRBJ1-5,8,A,*,50.847980930907994,104324,54
MIX,TRBJ1-5,8,A,G,50.736508510142016,104278,54
MIX,TRBJ1-5,9,G,*,52.55876446192539,107749,54
MIX,TRBJ1-5,9,G,C,52.22712988763994,107611,54
MIX,TRBJ1-5,10,C,*,52.728393018033884,108601,54
MIX,TRBJ1-5,10,C,C,52.70462525024717,108590,54
MIX,TRBJ1-5,11,C,*,53.538291491951995,109953,54
MIX,TRBJ1-5,11,C,C,53.53354840894804,109950,54
MIX,TRBJ1-5,12,C,*,53.681232166094574,110244,54
MIX,TRBJ1-5,12,C,C,53.67134225006889,110240,54
MIX,TRBJ1-5,13,C,*,53.76239660607018,110462,54
MIX,TRBJ1-5,13,C,A,53.75613028753233,110458,54
MIX,TRBJ1-5,14,A,*,53.80356624162709,110556,54
MIX,TRBJ1-5,14,A,G,53.79258634931332,110550,54
MIX,TRBJ1-5,15,G,*,53.86281991865747,110736,54
MIX,TRBJ1-5,15,G,C,53.86281991865747,110736,54
MIX,TRBJ1-5,16,C,*,53.92258674546258,110841,54
MIX,TRBJ1-5,16,C,A,53.92258674546258,110841,54
MIX,TRBJ1-5,17,A,*,53.94474738652396,110899,54
MIX,TRBJ1-5,17,A,T,53.914142958381056,110885,54
MIX,TRBJ1-5,18,T,*,53.92966993950624,110926,54
MIX,TRBJ1-5,18,T,T,53.92966993950624,110926,54
MIX,TRBJ1-5,19,T,*,53.974722928140004,110960,54
MIX,TRBJ1-5,19,T,T,53.974722928140004,110960,54
MIX,TRBJ1-5,20,T,*,53.977716508398444,110968,54
MIX,TRBJ1-5,20,T,T,53.977716508398444,110968,54
MIX,TRBJ1-5,21,T,*,53.98240797081032,110975,54
MIX,TRBJ1-5,21,T,G,53.96912354184061,110968,54
MIX,TRBJ1-5,22,G,*,53.97141895502214,110977,54
MIX,TRBJ1-5,22,G,G,53.97141895502214,110977,54
MIX,TRBJ1-5,23,G,*,53.984993935450646,110985,54
MIX,TRBJ1-5,23,G,T,53.984993935450646,110985,54
MIX,TRBJ1-5,24,T,*,53.98692587867818,110991,54
MIX,TRBJ1-5,24,T,G,53.98692587867818,110991,54
MIX,TRBJ1-5,25,G,*,53.98719138580624,110992,54
MIX,TRBJ1-5,25,G,A,53.98719138580624,110992,54
MIX,TRBJ1-5,26,A,*,53.98750664344037,110993,54
MIX,TRBJ1-5,26,A,T,53.98750664344037,110993,54
MIX,TRBJ1-5,27,T,*,53.98781866968325,110994,54
MIX,TRBJ1-5,27,T,G,53.98200471619488,110992,54
MIX,TRBJ1-5,28,G,*,53.988376153492986,111008,54
MIX,TRBJ1-5,28,G,G,53.988376153492986,111008,54
MIX,TRBJ1-5,29,G,*,53.99671238712386,111012,54
MIX,TRBJ1-5,29,G,G,53.99062719442609,111010,54
MIX,TRBJ1-5,30,G,*,53.99147776886743,111013,54
MIX,TRBJ1-5,30,G,A,53.99147776886743,111013,54
MIX,TRBJ1-5,31,A,*,53.99233365797729,111016,54
MIX,TRBJ1-5,31,A,C,53.99233365797729,111016,54
MIX,TRBJ1-5,32,C,*,53.99266587952836,111017,54
MIX,TRBJ1-5,32,C,T,53.99266587952836,111017,54
MIX,TRBJ1-5,33,T,*,53.99266587952836,111017,54
MIX,TRBJ1-5,33,T,C,53.98760258838912,111015,54
MIX,TRBJ1-5,34,C,*,53.988851516163066,111018,54
MIX,TRBJ1-5,34,C,G,53.9839091767891,111016,54
MIX,TRBJ1-5,35,G,*,53.9950576606261,111020,54
MIX,TRBJ1-5,35,G,A,53.9950576606261,111020,54
MIX,TRBJ1-5,36,A,*,54.00000000000007,111022,54
MIX,TRBJ1-5,36,A,C,53.99418604651169,111020,54
MIX,TRBJ1-5,37,C,*,53.99418604651169,111020,54
MIX,TRBJ1-5,37,C,T,53.990872959819264,111018,54
MIX,TRBJ1-5,38,T,*,53.99668691330764,111020,54
MIX,TRBJ1-5,38,T,C,53.99668691330764,111020,54
MIX,TRBJ1-5,39,C,*,54.00000000000007,111022,54
MIX,TRBJ1-5,39,C,T,54.00000000000007,111022,54
MIX,TRBJ1-5,40,T,*,54.00000000000007,111022,54
MIX,TRBJ1-5,40,T,C,54.00000000000007,111022,54
MIX,TRBJ1-5,41,C,*,54.00000000000007,111022,54
MIX,TRBJ1-5,41,C,C,54.00000000000007,111022,54
MIX,TRBJ1-5,42,C,*,54.00000000000007,111022,54
MIX,TRBJ1-5,42,C,A,54.00000000000007,111022,54
MIX,TRBJ1-5,43,A,*,54.00000000000007,111022,54
MIX,TRBJ1-5,43,A,T,54.00000000000007,111022,54
MIX,TRBJ1-5,44,T,*,54.00000000000007,111022,54
MIX,TRBJ1-5,44,T,C,54.00000000000007,111022,54
MIX,TRBJ1-5,45,C,*,54.00000000000007,111022,54
MIX,TRBJ1-5,45,C,C,53.989983305509256,111020,54
MIX,TRBJ1-5,46,C,*,53.989983305509256,111020,54
MIX,TRBJ1-5,46,C,T,53.985097312023925,111018,54
MIX,TRBJ1-5,47,T,*,53.99511400651474,111020,54
MIX,TRBJ1-5,47,T,A,53.99511400651474,111020,54
MIX,TRBJ1-5,48,A,*,54.00000000000007,111022,54
MIX,TRBJ1-5,48,A,G,53.99525691699613,111020,54
MIX,TRBJ1-5,5,A,C,0.9712630621751641,421,47
MIX,TRBJ1-5,6,C,*,0.9763813977261449,425,47
MIX,TRBJ1-5,6,C,C,0.9763813977261449,425,47
MIX,TRBJ1-5,3,C,G,1.357506147276552,606,50
MIX,TRBJ1-5,4,G,*,1.3586322734026781,607,50
MIX,TRBJ1-5,4,G,A,1.3543648480826214,605,50
MIX,TRBJ1-5,1,A,A,0.531933625541604,221,40
MIX,TRBJ1-5,2,A,*,0.5324858066570097,222,40
MIX,TRBJ1-5,2,A,C,0.5324858066570097,222,40
MIX,TRBJ1-6,0,C,*,3.8686331823871263,3978,54
MIX,TRBJ1-6,0,C,T,3.6252057200650967,3903,54
MIX,TRBJ1-6,1,T,*,4.642125337604185,4708,54
MIX,TRBJ1-6,1,T,C,4.605262486082163,4697,54
MIX,TRBJ1-6,2,C,*,6.4395704665508715,5973,54
MIX,TRBJ1-6,2,C,C,6.294351068243262,5926,54
MIX,TRBJ1-6,3,C,*,7.981878993913437,7511,54
MIX,TRBJ1-6,3,C,T,7.294574757517276,7295,54
MIX,TRBJ1-6,4,T,*,9.775325071934974,9643,54
MIX,TRBJ1-6,4,T,A,9.43218231302484,9531,54
MIX,TRBJ1-6,5,A,*,14.62011403805037,14308,54
MIX,TRBJ1-6,5,A,T,14.296175553103328,14207,54
MIX,TRBJ1-6,6,T,*,20.25951636310651,19846,54
MIX,TRBJ1-6,6,T,A,19.880501482507075,19727,54
MIX,TRBJ1-6,7,A,*,32.11996776551298,32084,54
MIX,TRBJ1-6,7,A,A,31.300232883318092,31823,54
MIX,TRBJ1-6,8,A,*,37.47976439068087,38393,54
MIX,TRBJ1-6,8,A,T,36.09273720537567,37971,54
MIX,TRBJ1-6,9,T,*,42.6222653940283,44496,54
MIX,TRBJ1-6,9,T,T,42.51435308874909,44464,54
MIX,TRBJ1-6,10,T,*,49.83008162316969,51480,54
MIX,TRBJ1-6,10,T,C,49.802945055946275,51473,54
MIX,TRBJ1-6,11,C,*,51.01742346026969,52720,54
MIX,TRBJ1-6,11,C,A,50.81387962557939,52654,54
MIX,TRBJ1-6,12,A,*,51.446903730711725,53353,54
MIX,TRBJ1-6,12,A,C,51.35238099739177,53320,54
MIX,TRBJ1-6,13,C,*,52.28638494060458,54210,54
MIX,TRBJ1-6,13,C,C,52.254389636224246,54202,54
MIX,TRBJ1-6,14,C,*,53.306186109490646,55276,54
MIX,TRBJ1-6,14,C,C,53.296631969363254,55274,54
MIX,TRBJ1-6,15,C,*,53.58272986336063,55544,54
MIX,TRBJ1-6,15,C,C,53.57388682725157,55540,54
MIX,TRBJ1-6,16,C,*,53.70573823502832,55685,54
MIX,TRBJ1-6,16,C,T,53.69243281482031,55681,54
MIX,TRBJ1-6,17,T,*,53.75909937396046,55746,54
MIX,TRBJ1-6,17,T,C,53.75909937396046,55746,54
MIX,TRBJ1-6,18,C,*,53.832976505125046,55806,54
MIX,TRBJ1-6,18,C,C,53.832976505125046,55806,54
MIX,TRBJ1-6,19,C,*,53.86508451468516,55844,54
MIX,TRBJ1-6,19,C,A,53.86508451468516,55844,54
MIX,TRBJ1-6,20,A,*,53.888374009729276,55867,54
MIX,TRBJ1-6,20,A,C,53.888374009729276,55867,54
MIX,TRBJ1-6,21,C,*,53.912041355179475,55893,54
MIX,TRBJ1-6,21,C,T,53.8969547668847,55888,54
MIX,TRBJ1-6,22,T,*,53.93166800563181,55930,54
MIX,TRBJ1-6,22,T,T,53.93166800563181,55930,54
MIX,TRBJ1-6,23,T,*,53.94948439623691,55939,54
MIX,TRBJ1-6,23,T,T,53.94948439623691,55939,54
MIX,TRBJ1-6,24,T,*,53.95323521351674,55944,54
MIX,TRBJ1-6,24,T,G,53.95323521351674,55944,54
MIX,TRBJ1-6,25,G,*,53.95927330205725,55953,54
MIX,TRBJ1-6,25,G,G,53.95927330205725,55953,54
MIX,TRBJ1-6,26,G,*,53.96091466704467,55956,54
MIX,TRBJ1-6,26,G,G,53.944706394185445,55952,54
MIX,TRBJ1-6,27,G,*,53.947674569320434,55956,54
MIX,TRBJ1-6,27,G,A,53.947674569320434,55956,54
MIX,TRBJ1-6,28,A,*,53.96868230623512,55964,54
MIX,TRBJ1-6,28,A,A,53.96868230623512,55964,54
MIX,TRBJ1-6,29,A,*,53.96965536539949,55966,54
MIX,TRBJ1-6,29,A,C,31.774247939013662,34843,53
MIX,TRBJ1-6,30,C,*,31.784538738412806,34848,53
MIX,TRBJ1-6,30,C,G,31.784538738412806,34848,53
MIX,TRBJ1-6,31,G,*,53.98799210248038,55977,54
MIX,TRBJ1-6,31,G,G,53.98799210248038,55977,54
MIX,TRBJ1-6,32,G,*,53.995548777543355,55978,54
MIX,TRBJ1-6,32,G,G,53.995548777543355,55978,54
MIX,TRBJ1-6,33,G,*,53.9956859677222,55979,54
MIX,TRBJ1-6,33,G,A,53.9956859677222,55979,54
MIX,TRBJ1-6,34,A,*,53.99837344657847,55981,54
MIX,TRBJ1-6,34,A,C,53.99837344657847,55981,54
MIX,TRBJ1-6,35,C,*,53.99918672328925,55982,54
MIX,TRBJ1-6,35,C,C,53.99918672328925,55982,54
MIX,TRBJ1-6,36,C,*,54.00000000000003,55983,54
MIX,TRBJ1-6,36,C,A,54.00000000000003,55983,54
MIX,TRBJ1-6,37,A,*,54.00000000000003,55983,54
MIX,TRBJ1-6,37,A,G,53.984031589758146,55979,54
MIX,TRBJ1-6,38,G,*,53.984031589758146,55979,54
MIX,TRBJ1-6,38,G,G,53.984031589758146,55979,54
MIX,TRBJ1-6,39,G,*,54.00000000000003,55983,54
MIX,TRBJ1-6,39,G,C,54.00000000000003,55983,54
MIX,TRBJ1-6,40,C,*,54.00000000000003,55983,54
MIX,TRBJ1-6,40,C,T,54.00000000000003,55983,54
MIX,TRBJ1-6,41,T,*,54.00000000000003,55983,54
MIX,TRBJ1-6,41,T,C,54.00000000000003,55983,54
MIX,TRBJ1-6,42,C,*,54.00000000000003,55983,54
MIX,TRBJ1-6,42,C,A,54.00000000000003,55983,54
MIX,TRBJ1-6,43,A,*,54.00000000000003,55983,54
MIX,TRBJ1-6,43,A,C,54.00000000000003,55983,54
MIX,TRBJ1-6,44,C,*,54.00000000000003,55983,54
MIX,TRBJ1-6,44,C,T,53.994520547945235,55981,54
MIX,TRBJ1-6,45,T,*,53.994520547945235,55981,54
MIX,TRBJ1-6,45,T,G,53.994520547945235,55981,54
MIX,TRBJ1-6,46,G,*,54.00000000000003,55983,54
MIX,TRBJ1-6,46,G,T,54.00000000000003,55983,54
MIX,TRBJ1-6,47,T,*,54.00000000000003,55983,54
MIX,TRBJ1-6,47,T,G,54.00000000000003,55983,54
MIX,TRBJ1-6,48,G,*,54.00000000000003,55983,54
MIX,TRBJ1-6,48,G,A,54.00000000000003,55983,54
MIX,TRBJ1-6,49,A,*,54.00000000000003,55983,54
MIX,TRBJ1-6,49,A,C,54.00000000000003,55983,54
MIX,TRBJ1-6,50,C,*,54.00000000000003,55983,54
MIX,TRBJ1-6,50,C,A,54.00000000000003,55983,54
MIX,TRBJ1-6,51,A,*,54.00000000000003,55983,54
MIX,TRBJ1-6,51,A,G,53.988552720821374,55979,54
MIX,TRBJ1-6,29,A,T,22.195407426385746,21123,33
MIX,TRBJ1-6,30,T,*,22.195407426385746,21123,33
MIX,TRBJ1-6,30,T,G,22.195407426385746,21123,33
MIX,TRBJ1-6,8,A,C,0.9145500365008837,280,40
MIX,TRBJ1-6,9,C,*,0.9166765743795914,282,40
MIX,TRBJ1-6,9,C,T,0.9166765743795914,282,40
MIX,TRBJ1-6,0,T,*,0.058846115834809205,16,7
MIX,TRBJ1-6,0,T,T,0.0537266619098946,14,6
MIX,TRBJ2-1,0,C,*,8.698470912727077,42181,54
MIX,TRBJ2-1,0,C,T,5.789533810734856,39256,54
MIX,TRBJ2-1,1,T,*,10.619567406011939,55288,54
MIX,TRBJ2-1,1,T,C,9.242094532844387,54020,54
MIX,TRBJ2-1,2,C,*,17.64636952145228,80779,54
MIX,TRBJ2-1,2,C,C,15.506645283579967,78739,54
MIX,TRBJ2-1,3,C,*,20.344069629772488,104969,54
MIX,TRBJ2-1,3,C,T,17.056337250917355,101613,54
MIX,TRBJ2-1,4,T,*,23.85681819095134,144522,54
MIX,TRBJ2-1,4,T,A,22.169503172007712,142843,54
MIX,TRBJ2-1,5,A,*,30.260860021044863,181486,54
MIX,TRBJ2-1,5,A,C,29.78340049766346,181058,54
MIX,TRBJ2-1,6,C,*,36.861359259633,223633,54
MIX,TRBJ2-1,6,C,A,35.000906067763324,221772,54
MIX,TRBJ2-1,7,A,*,40.657438229219395,268802,54
MIX,TRBJ2-1,7,A,A,38.941390164929146,267103,54
MIX,TRBJ2-1,8,A,*,44.4525816732776,306431,54
MIX,TRBJ2-1,8,A,T,43.465988204551536,305511,54
MIX,TRBJ2-1,9,T,*,48.645079022503076,337756,54
MIX,TRBJ2-1,9,T,G,48.52590148748236,337641,54
MIX,TRBJ2-1,10,G,*,51.70249171959321,357757,54
MIX,TRBJ2-1,10,G,A,50.950384880839906,357076,54
MIX,TRBJ2-1,11,A,*,51.396914680230346,359555,54
MIX,TRBJ2-1,11,A,G,51.031089066496854,359214,54
MIX,TRBJ2-1,12,G,*,52.625368601317504,365653,54
MIX,TRBJ2-1,12,G,C,52.36487742342433,365402,54
MIX,TRBJ2-1,13,C,*,52.97566561377775,368105,54
MIX,TRBJ2-1,13,C,A,52.56035820191696,367718,54
MIX,TRBJ2-1,14,A,*,53.023541936502006,369925,54
MIX,TRBJ2-1,14,A,G,52.946332108318956,369851,54
MIX,TRBJ2-1,15,G,*,53.66975930420591,373264,54
MIX,TRBJ2-1,15,G,T,53.615143887881686,373214,54
MIX,TRBJ2-1,16,T,*,53.76505982951903,374017,54
MIX,TRBJ2-1,16,T,T,53.73250917062314,373985,54
MIX,TRBJ2-1,17,T,*,53.867601231990726,374922,54
MIX,TRBJ2-1,17,T,C,53.854915332324815,374909,54
MIX,TRBJ2-1,18,C,*,53.925639678031125,375314,54
MIX,TRBJ2-1,18,C,T,53.916909083848815,375305,54
MIX,TRBJ2-1,19,T,*,53.955045424243316,375562,54
MIX,TRBJ2-1,19,T,T,53.94950612213072,375558,54
MIX,TRBJ2-1,20,T,*,53.9676280005082,375661,54
MIX,TRBJ2-1,20,T,C,53.95668218725757,375653,54
MIX,TRBJ2-1,21,C,*,53.968287849216516,375704,54
MIX,TRBJ2-1,21,C,G,53.94370340283254,375685,54
MIX,TRBJ2-1,22,G,*,53.96042121698461,375732,54
MIX,TRBJ2-1,22,G,G,53.953405781042704,375724,54
MIX,TRBJ2-1,23,G,*,53.980310977338334,375758,54
MIX,TRBJ2-1,23,G,G,53.945607326861335,375729,54
MIX,TRBJ2-1,24,G,*,53.95204804301819,375752,54
MIX,TRBJ2-1,24,G,C,53.925482304219216,375730,54
MIX,TRBJ2-1,25,C,*,53.962019602954335,375796,54
MIX,TRBJ2-1,25,C,C,53.95565073002842,375789,54
MIX,TRBJ2-1,26,C,*,53.9809646975373,375830,54
MIX,TRBJ2-1,26,C,A,53.967649730949,375814,54
MIX,TRBJ2-1,27,A,*,53.974218849067654,375829,54
MIX,TRBJ2-1,27,A,G,53.917487318108805,375772,54
MIX,TRBJ2-1,28,G,*,53.938157036247325,375816,54
MIX,TRBJ2-1,28,G,G,53.92462251287182,375804,54
MIX,TRBJ2-1,29,G,*,53.98397988941758,375882,54
MIX,TRBJ2-1,29,G,G,53.9784719254899,375877,54
MIX,TRBJ2-1,30,G,*,53.99274067315026,375903,54
MIX,TRBJ2-1,30,G,A,53.899198640062,375828,54
MIX,TRBJ2-1,31,A,*,53.904916375785724,375836,54
MIX,TRBJ2-1,31,A,C,53.89742235084847,375830,54
MIX,TRBJ2-1,32,C,*,53.899214213573096,375835,54
MIX,TRBJ2-1,32,C,A,53.899214213573096,375835,54
MIX,TRBJ2-1,33,A,*,53.9990133682698,375917,54
MIX,TRBJ2-1,33,A,C,53.963956541051914,375882,54
MIX,TRBJ2-1,34,C,*,53.96399353292226,375883,54
MIX,TRBJ2-1,34,C,G,53.96223141838482,375881,54
MIX,TRBJ2-1,35,G,*,53.99823788546211,375920,54
MIX,TRBJ2-1,35,G,G,53.97534922007603,375894,54
MIX,TRBJ2-1,36,G,*,53.977111334613475,375896,54
MIX,TRBJ2-1,36,G,C,53.94428063292194,375869,54
MIX,TRBJ2-1,37,C,*,53.967169298308015,375895,54
MIX,TRBJ2-1,37,C,T,53.96117295511694,375888,54
MIX,TRBJ2-1,38,T,*,53.98474503457578,375909,54
MIX,TRBJ2-1,38,T,C,53.96655851539979,375893,54
MIX,TRBJ2-1,39,C,*,53.981813480823554,375906,54
MIX,TRBJ2-1,39,C,A,53.981813480823554,375906,54
MIX,TRBJ2-1,40,A,*,53.99999999999955,375922,54
MIX,TRBJ2-1,40,A,C,53.98888883993808,375909,54
MIX,TRBJ2-1,41,C,*,53.98888883993808,375909,54
MIX,TRBJ2-1,41,C,C,53.97369689422625,375894,54
MIX,TRBJ2-1,42,C,*,53.984808054287726,375907,54
MIX,TRBJ2-1,42,C,G,53.97486640795006,375897,54
MIX,TRBJ2-1,43,G,*,53.990058353661894,375912,54
MIX,TRBJ2-1,43,G,T,53.98652424837428,375908,54
MIX,TRBJ2-1,44,T,*,53.996465894711946,375918,54
MIX,TRBJ2-1,44,T,G,53.983125405765,375907,54
MIX,TRBJ2-1,45,G,*,53.98665951105261,375911,54
MIX,TRBJ2-1,45,G,C,53.944968039270016,375873,54
MIX,TRBJ2-1,46,C,*,53.95830852821696,375884,54
MIX,TRBJ2-1,46,C,T,53.953917387409625,375880,54
MIX,TRBJ2-1,47,T,*,53.995608859192224,375918,54
MIX,TRBJ2-1,47,T,A,53.98099448430087,375905,54
MIX,TRBJ2-1,48,A,*,53.9853856251082,375909,54
MIX,TRBJ2-1,48,A,G,53.96866204693791,375893,54
MIX,TRBJ2-1,3,C,C,1.2359375470740366,1294,52
MIX,TRBJ2-1,4,C,*,1.2384788431350273,1296,52
MIX,TRBJ2-1,4,C,A,1.2184796355485277,1278,52
MIX,TRBJ2-1,0,C,A,0.8102006962022613,787,51
MIX,TRBJ2-1,1,A,*,0.983601498238041,960,52
MIX,TRBJ2-1,1,A,C,0.9762443911590906,954,52
MIX,TRBJ2-1,6,C,G,1.1219182664435594,1162,51
MIX,TRBJ2-1,7,G,*,1.1219182664435594,1162,51
MIX,TRBJ2-1,7,G,A,1.1031660076875551,1143,51
MIX,TRBJ2-1,3,C,A,1.1072438891824372,1111,53
MIX,TRBJ2-1,4,A,*,1.1252872941379097,1131,53
MIX,TRBJ2-1,4,A,A,1.1221244053661648,1129,53
MIX,TRBJ2-1,10,G,G,0.590115267181788,539,49
MIX,TRBJ2-1,11,G,*,0.590115267181788,539,49
MIX,TRBJ2-1,11,G,G,0.590115267181788,539,49
MIX,TRBJ2-1,0,C,C,1.1869069835657302,1214,52
MIX,TRBJ2-1,1,C,*,1.2643440698628428,1289,52
MIX,TRBJ2-1,1,C,C,1.2453875992671992,1268,52
MIX,TRBJ2-1,0,C,G,0.9118294222242247,924,48
MIX,TRBJ2-1,1,G,*,1.2243119583351387,1253,48
MIX,TRBJ2-1,1,G,C,1.1962377603651921,1228,48
MIX,TRBJ2-1,45,G,T,0.041691471782596,38,13
MIX,TRBJ2-1,46,T,*,0.041691471782596,38,13
MIX,TRBJ2-1,46,T,T,0.041691471782596,38,13
MIX,TRBJ2-1,7,A,G,1.063391362632274,1071,51
MIX,TRBJ2-1,8,G,*,1.0833337998287997,1091,51
MIX,TRBJ2-1,8,G,T,1.0787335849476145,1086,51
MIX,TRBJ2-1,5,A,T,0.4659727929163708,417,49
MIX,TRBJ2-1,6,T,*,0.4659727929163708,417,49
MIX,TRBJ2-1,6,T,A,0.4659727929163708,417,49
MIX,TRBJ2-1,4,T,C,0.8668478154760854,863,51
MIX,TRBJ2-1,5,C,*,0.8833468006608333,879,51
MIX,TRBJ2-1,5,C,C,0.8804496495261158,877,51
MIX,TRBJ2-1,4,T,T,0.8204672034675454,816,49
MIX,TRBJ2-1,5,T,*,0.8424518019924826,837,49
MIX,TRBJ2-1,5,T,C,0.84094198820285,835,49
MIX,TRBJ2-2,0,C,*,10.431864291256522,25080,54
MIX,TRBJ2-2,0,C,G,8.138997778576382,23471,54
MIX,TRBJ2-2,1,G,*,18.548897430694037,47035,54
MIX,TRBJ2-2,1,G,A,16.078687113867336,45202,54
MIX,TRBJ2-2,2,A,*,22.62871161192838,62468,54
MIX,TRBJ2-2,2,A,A,18.184402964855504,59219,54
MIX,TRBJ2-2,3,A,*,25.551231413687447,79107,54
MIX,TRBJ2-2,3,A,C,24.15002888718864,78141,54
MIX,TRBJ2-2,4,C,*,35.164384658156706,107416,54
MIX,TRBJ2-2,4,C,A,33.67149223399039,106338,54
MIX,TRBJ2-2,5,A,*,40.79034299154249,131712,54
MIX,TRBJ2-2,5,A,C,39.573556719057734,130909,54
MIX,TRBJ2-2,6,C,*,46.92064897976333,157816,54
MIX,TRBJ2-2,6,C,C,46.45854850556556,157504,54
MIX,TRBJ2-2,7,C,*,51.343606368067185,174939,54
MIX,TRBJ2-2,7,C,G,50.845160002567695,174607,54
MIX,TRBJ2-2,8,G,*,52.54864838057422,180207,54
MIX,TRBJ2-2,8,G,G,52.415412731261334,180116,54
MIX,TRBJ2-2,9,G,*,53.39298763041156,182493,54
MIX,TRBJ2-2,9,G,G,53.2489260715505,182402,54
MIX,TRBJ2-2,10,G,*,53.61286620877501,183387,54
MIX,TRBJ2-2,10,G,G,53.560481469434166,183355,54
MIX,TRBJ2-2,11,G,*,53.78177012139638,183762,54
MIX,TRBJ2-2,11,G,A,53.66715378918368,183679,54
MIX,TRBJ2-2,12,A,*,53.74730883390463,183825,54
MIX,TRBJ2-2,12,A,G,53.72611672853142,183812,54
MIX,TRBJ2-2,13,G,*,53.91251339017918,184205,54
MIX,TRBJ2-2,13,G,C,53.89648427121851,184195,54
MIX,TRBJ2-2,14,C,*,53.93600178556406,184305,54
MIX,TRBJ2-2,14,C,T,53.926761568896914,184300,54
MIX,TRBJ2-2,15,T,*,53.95755497586195,184394,54
MIX,TRBJ2-2,15,T,G,53.8868026997982,184345,54
MIX,TRBJ2-2,16,G,*,53.898501106769025,184383,54
MIX,TRBJ2-2,16,G,T,51.573456046479585,182681,54
MIX,TRBJ2-2,17,T,*,51.661222617171795,182784,54
MIX,TRBJ2-2,17,T,T,51.661222617171795,182784,54
MIX,TRBJ2-2,18,T,*,53.98946665184919,184502,54
MIX,TRBJ2-2,18,T,T,53.98946665184919,184502,54
MIX,TRBJ2-2,19,T,*,53.99037427325455,184510,54
MIX,TRBJ2-2,19,T,T,53.99037427325455,184510,54
MIX,TRBJ2-2,20,T,*,53.99227874746283,184523,54
MIX,TRBJ2-2,20,T,T,53.99227874746283,184523,54
MIX,TRBJ2-2,21,T,*,53.99243249090751,184525,54
MIX,TRBJ2-2,21,T,T,53.99243249090751,184525,54
MIX,TRBJ2-2,22,T,*,53.992537515961544,184526,54
MIX,TRBJ2-2,22,T,G,53.98273950005124,184519,54
MIX,TRBJ2-2,23,G,*,53.984580479857456,184528,54
MIX,TRBJ2-2,23,G,G,53.97289702237169,184520,54
MIX,TRBJ2-2,24,G,*,53.98030550489645,184533,54
MIX,TRBJ2-2,24,G,A,53.97081188993242,184527,54
MIX,TRBJ2-2,25,A,*,53.97683440256083,184533,54
MIX,TRBJ2-2,25,A,G,53.94176752993866,184512,54
MIX,TRBJ2-2,26,G,*,53.95665416063213,184526,54
MIX,TRBJ2-2,26,G,A,53.95367353470068,184524,54
MIX,TRBJ2-2,27,A,*,53.989484967248686,184549,54
MIX,TRBJ2-2,27,A,A,53.989484967248686,184549,54
MIX,TRBJ2-2,28,A,*,53.997453330468545,184556,54
MIX,TRBJ2-2,28,A,G,53.997453330468545,184556,54
MIX,TRBJ2-2,29,G,*,53.99749351972875,184557,54
MIX,TRBJ2-2,29,G,G,53.99355909349924,184555,54
MIX,TRBJ2-2,30,G,*,53.993664572477975,184556,54
MIX,TRBJ2-2,30,G,C,53.97917258700391,184548,54
MIX,TRBJ2-2,31,C,*,53.984855056403084,184558,54
MIX,TRBJ2-2,31,C,T,53.984855056403084,184558,54
MIX,TRBJ2-2,32,T,*,53.98870951166853,184562,54
MIX,TRBJ2-2,32,T,C,53.98870951166853,184562,54
MIX,TRBJ2-2,33,C,*,53.999878561328764,184569,54
MIX,TRBJ2-2,33,C,T,53.999878561328764,184569,54
MIX,TRBJ2-2,34,T,*,53.999878561328764,184569,54
MIX,TRBJ2-2,34,T,A,53.999878561328764,184569,54
MIX,TRBJ2-2,35,A,*,53.99999999999997,184570,54
MIX,TRBJ2-2,35,A,G,53.994054733875494,184566,54
MIX,TRBJ2-2,36,G,*,53.994054733875494,184566,54
MIX,TRBJ2-2,36,G,G,53.99063982209405,184564,54
MIX,TRBJ2-2,37,G,*,53.99658508821853,184568,54
MIX,TRBJ2-2,37,G,C,53.99403515196694,184566,54
MIX,TRBJ2-2,38,C,*,53.99745006374838,184568,54
MIX,TRBJ2-2,38,C,T,53.99745006374838,184568,54
MIX,TRBJ2-2,39,T,*,53.99999999999997,184570,54
MIX,TRBJ2-2,39,T,G,53.99645599527463,184568,54
MIX,TRBJ2-2,40,G,*,53.99645599527463,184568,54
MIX,TRBJ2-2,40,G,A,53.99348106964777,184565,54
MIX,TRBJ2-2,41,A,*,53.99702507437311,184567,54
MIX,TRBJ2-2,41,A,C,53.99702507437311,184567,54
MIX,TRBJ2-2,42,C,*,53.99999999999997,184570,54
MIX,TRBJ2-2,42,C,C,53.99439570581639,184566,54
MIX,TRBJ2-2,43,C,*,53.99439570581639,184566,54
MIX,TRBJ2-2,43,C,G,53.96294346638875,184548,54
MIX,TRBJ2-2,44,G,*,53.968547760572335,184552,54
MIX,TRBJ2-2,44,G,T,53.96512505663623,184550,54
MIX,TRBJ2-2,45,T,*,53.99657729606386,184568,54
MIX,TRBJ2-2,45,T,A,53.99304788429916,184565,54
MIX,TRBJ2-2,46,A,*,53.99647058823527,184567,54
MIX,TRBJ2-2,46,A,C,53.980631402307985,184557,54
MIX,TRBJ2-2,47,C,*,53.98416081407269,184560,54
MIX,TRBJ2-2,47,C,T,53.98416081407269,184560,54
MIX,TRBJ2-2,48,T,*,53.99999999999997,184570,54
MIX,TRBJ2-2,48,T,G,53.99999999999997,184570,54
MIX,TRBJ2-2,49,G,*,53.99999999999997,184570,54
MIX,TRBJ2-2,49,G,G,53.980599278562075,184558,54
MIX,TRBJ2-2,16,G,TT,2.18367341601183,1598,54
MIX,TRBJ2-2,17,TT,*,2.18367341601183,1598,54
MIX,TRBJ2-2,17,TT,T,2.18367341601183,1598,54
MIX,TRBJ2-2,1,G,G,1.8074665413001938,1400,52
MIX,TRBJ2-2,2,G,*,1.8074665413001938,1400,52
MIX,TRBJ2-2,2,G,A,1.680030249087808,1309,51
MIX,TRBJ2-2,2,A,G,2.400211510716059,1810,53
MIX,TRBJ2-2,3,G,*,2.5220781259672074,1899,53
MIX,TRBJ2-2,3,G,C,2.434344447686488,1842,53
MIX,TRBJ2-2,0,G,*,1.8530569357767896,1433,52
MIX,TRBJ2-2,0,G,G,1.8530569357767896,1433,52
MIX,TRBJ2-2,2,A,C,1.1419267119557255,823,52
MIX,TRBJ2-2,3,C,*,1.146349139392387,827,52
MIX,TRBJ2-2,3,C,C,1.1429342276109415,825,52
MIX,TRBJ2-2,0,C,T,0.7921964085999649,544,49
MIX,TRBJ2-2,1,T,*,0.793216331085856,545,49
MIX,TRBJ2-2,1,T,A,0.7902357051544102,543,49
MIX,TRBJ2-2,0,C,A,0.6484646284059753,448,50
MIX,TRBJ2-2,1,A,*,0.6484646284059753,448,50
MIX,TRBJ2-2,1,A,A,0.6484646284059753,448,50
MIX,TRBJ2-2,0,C,C,0.8522054756742014,617,49
MIX,TRBJ2-2,1,C,*,0.8522054756742014,617,49
MIX,TRBJ2-2,1,C,A,0.8522054756742014,617,49
MIX,TRBJ2-2,9,G,A,0.123963902489136,76,23
MIX,TRBJ2-2,10,A,*,0.123963902489136,76,23
MIX,TRBJ2-2,10,A,G,0.123963902489136,76,23
MIX,TRBJ2-2,4,C,C,0.4585665297625349,325,42
MIX,TRBJ2-2,5,C,*,0.4585665297625349,325,42
MIX,TRBJ2-2,5,C,C,0.4585665297625349,325,42
MIX,TRBJ2-3,0,A,*,13.931448267733408,46085,54
MIX,TRBJ2-3,0,A,G,11.237817523662539,43917,54
MIX,TRBJ2-3,1,G,*,20.7501973674687,76586,54
MIX,TRBJ2-3,1,G,C,16.831658762242277,73277,54
MIX,TRBJ2-3,2,C,*,27.37244375951375,124132,54
MIX,TRBJ2-3,2,C,A,21.736255276635507,119192,54
MIX,TRBJ2-3,3,A,*,30.57929741646445,150866,54
MIX,TRBJ2-3,3,A,C,29.046961248760777,149638,54
MIX,TRBJ2-3,4,C,*,40.0537167985767,191728,54
MIX,TRBJ2-3,4,C,A,38.20480128162328,190262,54
MIX,TRBJ2-3,5,A,*,44.49495162356587,220248,54
MIX,TRBJ2-3,5,A,G,43.712031979533144,219640,54
MIX,TRBJ2-3,6,G,*,50.087515266820155,250553,54
MIX,TRBJ2-3,6,G,A,49.23005962908382,249855,54
MIX,TRBJ2-3,7,A,*,50.99550531622657,257526,54
MIX,TRBJ2-3,7,A,T,50.27407121734355,256968,54
MIX,TRBJ2-3,8,T,*,51.88041218175195,263096,54
MIX,TRBJ2-3,8,T,A,51.75126566155997,262994,54
MIX,TRBJ2-3,9,A,*,52.912582575517234,266574,54
MIX,TRBJ2-3,9,A,C,52.82660816233886,266512,54
MIX,TRBJ2-3,10,C,*,53.290507565682766,268993,54
MIX,TRBJ2-3,10,C,G,53.26154833423166,268970,54
MIX,TRBJ2-3,11,G,*,53.58275194321756,270651,54
MIX,TRBJ2-3,11,G,C,53.56197062169177,270634,54
MIX,TRBJ2-3,12,C,*,53.668455267054554,271176,54
MIX,TRBJ2-3,12,C,A,53.62459110136521,271144,54
MIX,TRBJ2-3,13,A,*,53.71407376664442,271637,54
MIX,TRBJ2-3,13,A,G,53.67538437887068,271611,54
MIX,TRBJ2-3,14,G,*,53.834534401383976,272490,54
MIX,TRBJ2-3,14,G,T,53.82194134094027,272479,54
MIX,TRBJ2-3,15,T,*,53.884703243606765,272680,54
MIX,TRBJ2-3,15,T,A,53.882139141042664,272678,54
MIX,TRBJ2-3,16,A,*,53.929586219599614,272925,54
MIX,TRBJ2-3,16,A,T,53.84334874892871,272861,54
MIX,TRBJ2-3,17,T,*,53.87028796101006,273042,54
MIX,TRBJ2-3,17,T,T,53.87028796101006,273042,54
MIX,TRBJ2-3,18,T,*,53.973025109142355,273237,54
MIX,TRBJ2-3,18,T,T,53.970159779629455,273235,54
MIX,TRBJ2-3,19,T,*,53.976954674386135,273268,54
MIX,TRBJ2-3,19,T,T,53.97125897104716,273264,54
MIX,TRBJ2-3,20,T,*,53.97587673121217,273287,54
MIX,TRBJ2-3,20,T,G,53.97587673121217,273287,54
MIX,TRBJ2-3,21,G,*,53.99091634171538,273354,54
MIX,TRBJ2-3,21,G,G,53.98870476781196,273352,54
MIX,TRBJ2-3,22,G,*,53.98936019472773,273360,54
MIX,TRBJ2-3,22,G,C,53.97325928666252,273348,54
MIX,TRBJ2-3,23,C,*,53.977431509438006,273373,54
MIX,TRBJ2-3,23,C,C,53.97545717577562,273371,54
MIX,TRBJ2-3,24,C,*,53.993290434049534,273393,54
MIX,TRBJ2-3,24,C,C,53.98978371283387,273391,54
MIX,TRBJ2-3,25,C,*,53.99271736398292,273400,54
MIX,TRBJ2-3,25,C,A,53.98775979465616,273396,54
MIX,TRBJ2-3,26,A,*,53.991518631628445,273400,54
MIX,TRBJ2-3,26,A,G,53.98548389672915,273396,54
MIX,TRBJ2-3,27,G,*,53.99088375465765,273404,54
MIX,TRBJ2-3,27,G,G,53.979848300447344,273394,54
MIX,TRBJ2-3,28,G,*,53.98611221832851,273402,54
MIX,TRBJ2-3,28,G,C,53.97743237759582,273396,54
MIX,TRBJ2-3,29,C,*,53.98866965755303,273409,54
MIX,TRBJ2-3,29,C,A,53.98866965755303,273409,54
MIX,TRBJ2-3,30,A,*,53.99744464744263,273416,54
MIX,TRBJ2-3,30,A,C,53.99005784091391,273412,54
MIX,TRBJ2-3,31,C,*,53.99024054895003,273414,54
MIX,TRBJ2-3,31,C,C,53.98621910122885,273412,54
MIX,TRBJ2-3,32,C,*,53.99457246289246,273420,54
MIX,TRBJ2-3,32,C,C,53.97897553859116,273409,54
MIX,TRBJ2-3,33,C,*,53.98329153141651,273413,54
MIX,TRBJ2-3,33,C,G,53.972315224349494,273405,54
MIX,TRBJ2-3,34,G,*,53.98902369293301,273418,54
MIX,TRBJ2-3,34,G,G,53.959188987380045,273394,54
MIX,TRBJ2-3,35,G,*,53.97016529444706,273402,54
MIX,TRBJ2-3,35,G,C,53.963238226575925,273397,54
MIX,TRBJ2-3,36,C,*,53.993072932128904,273421,54
MIX,TRBJ2-3,36,C,T,53.993072932128904,273421,54
MIX,TRBJ2-3,37,T,*,54.00000000000002,273426,54
MIX,TRBJ2-3,37,T,G,53.996796338672794,273423,54
MIX,TRBJ2-3,38,G,*,53.996796338672794,273423,54
MIX,TRBJ2-3,38,G,A,53.996796338672794,273423,54
MIX,TRBJ2-3,39,A,*,54.00000000000002,273426,54
MIX,TRBJ2-3,39,A,C,53.99198116701538,273417,54
MIX,TRBJ2-3,40,C,*,53.99198116701538,273417,54
MIX,TRBJ2-3,40,C,A,53.98707571464269,273413,54
MIX,TRBJ2-3,41,A,*,53.99509454762733,273422,54
MIX,TRBJ2-3,41,A,G,53.98466047360072,273416,54
MIX,TRBJ2-3,42,G,*,53.989565925973416,273420,54
MIX,TRBJ2-3,42,G,T,53.989565925973416,273420,54
MIX,TRBJ2-3,43,T,*,54.00000000000002,273426,54
MIX,TRBJ2-3,43,T,G,53.988691437441794,273418,54
MIX,TRBJ2-3,44,G,*,53.988691437441794,273418,54
MIX,TRBJ2-3,44,G,C,53.966277448126306,273404,54
MIX,TRBJ2-3,45,C,*,53.97758601068454,273412,54
MIX,TRBJ2-3,45,C,T,53.97758601068454,273412,54
MIX,TRBJ2-3,46,T,*,54.00000000000002,273426,54
MIX,TRBJ2-3,46,T,C,53.96900199240539,273409,54
MIX,TRBJ2-3,47,C,*,53.96900199240539,273409,54
MIX,TRBJ2-3,47,C,G,53.958046220577614,273400,54
MIX,TRBJ2-3,2,C,G,2.8402389795987038,2613,54
MIX,TRBJ2-3,3,G,*,2.9262784233807686,2676,54
MIX,TRBJ2-3,3,G,C,2.679458064289752,2478,54
MIX,TRBJ2-3,1,G,A,1.0735684974267443,875,51
MIX,TRBJ2-3,2,A,*,1.0735684974267443,875,51
MIX,TRBJ2-3,2,A,A,1.0521046679842183,859,51
MIX,TRBJ2-3,2,C,C,1.8389443409705617,1590,54
MIX,TRBJ2-3,3,C,*,1.8508940842462065,1600,54
MIX,TRBJ2-3,3,C,C,1.8508940842462065,1600,54
MIX,TRBJ2-3,2,C,T,0.9570051623089886,737,52
MIX,TRBJ2-3,3,T,*,0.967976690410649,747,52
MIX,TRBJ2-3,3,T,C,0.967976690410649,747,52
MIX,TRBJ2-3,1,G,T,0.8928269424045103,732,50
MIX,TRBJ2-3,2,T,*,0.8958271616359477,737,50
MIX,TRBJ2-3,2,T,A,0.8583112238733951,706,50
MIX,TRBJ2-3,4,C,G,1.1904220653011945,928,52
MIX,TRBJ2-3,5,G,*,1.2159528556757184,950,52
MIX,TRBJ2-3,5,G,G,1.2092423965365806,946,52
MIX,TRBJ2-3,3,A,G,0.7487438447633004,605,50
MIX,TRBJ2-3,4,G,*,0.9632754149490521,780,50
MIX,TRBJ2-3,4,G,A,0.9516806626764904,771,50
MIX,TRBJ2-3,3,G,G,0.21453157018575128,175,33
MIX,TRBJ2-3,1,G,G,1.9521431653951715,1702,52
MIX,TRBJ2-3,2,G,*,1.955176532432583,1704,52
MIX,TRBJ2-3,2,G,A,1.9051955844782913,1668,52
MIX,TRBJ2-4,0,A,*,11.907577768968254,8605,54
MIX,TRBJ2-4,0,A,G,11.659632583733048,8528,54
MIX,TRBJ2-4,1,G,*,17.3928859842965,12549,54
MIX,TRBJ2-4,1,G,C,15.98748825913749,12163,54
MIX,TRBJ2-4,2,C,*,19.683323364950027,14708,54
MIX,TRBJ2-4,2,C,C,19.36363619843027,14614,54
MIX,TRBJ2-4,3,C,*,24.40559801502375,17708,54
MIX,TRBJ2-4,3,C,A,23.35585257290536,17400,54
MIX,TRBJ2-4,4,A,*,26.423527161471362,19608,54
MIX,TRBJ2-4,4,A,A,26.045786675155277,19498,54
MIX,TRBJ2-4,5,A,*,31.10179941638731,22780,54
MIX,TRBJ2-4,5,A,A,30.89750367233328,22720,54
MIX,TRBJ2-4,6,A,*,36.98967987038343,27207,54
MIX,TRBJ2-4,6,A,A,36.671636717540274,27122,54
MIX,TRBJ2-4,7,A,*,41.82541612078517,31079,54
MIX,TRBJ2-4,7,A,A,41.610704222230225,31018,54
MIX,TRBJ2-4,8,A,*,47.26762173184082,35332,54
MIX,TRBJ2-4,8,A,C,47.250230427492994,35330,54
MIX,TRBJ2-4,9,C,*,50.55821798960315,37841,54
MIX,TRBJ2-4,9,C,A,50.55230665955389,37839,54
MIX,TRBJ2-4,10,A,*,51.43511340718366,38514,54
MIX,TRBJ2-4,10,A,T,51.405043922904504,38508,54
MIX,TRBJ2-4,11,T,*,51.970746076318,38959,54
MIX,TRBJ2-4,11,T,T,51.970746076318,38959,54
MIX,TRBJ2-4,12,T,*,52.39817982441626,39315,54
MIX,TRBJ2-4,12,T,C,52.39817982441626,39315,54
MIX,TRBJ2-4,13,C,*,52.77857759818942,39633,54
MIX,TRBJ2-4,13,C,A,52.762033124226164,39629,54
MIX,TRBJ2-4,14,A,*,52.990062659238205,39814,54
MIX,TRBJ2-4,14,A,G,52.990062659238205,39814,54
MIX,TRBJ2-4,15,G,*,53.42238928377238,40149,54
MIX,TRBJ2-4,15,G,T,53.413080773134084,40146,54
MIX,TRBJ2-4,16,T,*,53.54705549026117,40278,54
MIX,TRBJ2-4,16,T,A,53.54705549026117,40278,54
MIX,TRBJ2-4,17,A,*,53.758318344744936,40434,54
MIX,TRBJ2-4,17,A,C,53.758318344744936,40434,54
MIX,TRBJ2-4,18,C,*,53.87466230444381,40537,54
MIX,TRBJ2-4,18,C,T,53.87466230444381,40537,54
MIX,TRBJ2-4,19,T,*,53.92334466198741,40594,54
MIX,TRBJ2-4,19,T,T,53.92334466198741,40594,54
MIX,TRBJ2-4,20,T,*,53.951781773168086,40617,54
MIX,TRBJ2-4,20,T,C,53.951781773168086,40617,54
MIX,TRBJ2-4,21,C,*,53.96472884154438,40629,54
MIX,TRBJ2-4,21,C,G,53.96472884154438,40629,54
MIX,TRBJ2-4,22,G,*,53.97851585727601,40643,54
MIX,TRBJ2-4,22,G,G,53.97851585727601,40643,54
MIX,TRBJ2-4,23,G,*,53.983539006211615,40647,54
MIX,TRBJ2-4,23,G,C,53.983539006211615,40647,54
MIX,TRBJ2-4,24,C,*,53.983539006211615,40647,54
MIX,TRBJ2-4,24,C,G,53.983539006211615,40647,54
MIX,TRBJ2-4,25,G,*,53.98704254119375,40650,54
MIX,TRBJ2-4,25,G,C,53.98704254119375,40650,54
MIX,TRBJ2-4,26,C,*,53.989779418226355,40652,54
MIX,TRBJ2-4,26,C,C,53.989779418226355,40652,54
MIX,TRBJ2-4,27,C,*,53.989779418226355,40652,54
MIX,TRBJ2-4,27,C,G,53.989779418226355,40652,54
MIX,TRBJ2-4,28,G,*,53.99266130819219,40654,54
MIX,TRBJ2-4,28,G,G,53.99266130819219,40654,54
MIX,TRBJ2-4,29,G,*,53.994202811650034,40655,54
MIX,TRBJ2-4,29,G,G,53.994202811650034,40655,54
MIX,TRBJ2-4,30,G,*,53.99469857850122,40656,54
MIX,TRBJ2-4,30,G,A,53.99469857850122,40656,54
MIX,TRBJ2-4,31,A,*,53.99815449480991,40659,54
MIX,TRBJ2-4,31,A,C,53.99815449480991,40659,54
MIX,TRBJ2-4,32,C,*,53.99815449480991,40659,54
MIX,TRBJ2-4,32,C,C,53.99815449480991,40659,54
MIX,TRBJ2-4,33,C,*,53.99815449480991,40659,54
MIX,TRBJ2-4,33,C,C,53.99815449480991,40659,54
MIX,TRBJ2-4,34,C,*,53.99999999999984,40661,54
MIX,TRBJ2-4,34,C,G,53.99999999999984,40661,54
MIX,TRBJ2-4,35,G,*,53.99999999999984,40661,54
MIX,TRBJ2-4,35,G,G,53.99999999999984,40661,54
MIX,TRBJ2-4,36,G,*,53.99999999999984,40661,54
MIX,TRBJ2-4,36,G,C,53.99999999999984,40661,54
MIX,TRBJ2-4,37,C,*,53.99999999999984,40661,54
MIX,TRBJ2-4,37,C,T,53.99999999999984,40661,54
MIX,TRBJ2-4,38,T,*,53.99999999999984,40661,54
MIX,TRBJ2-4,38,T,C,53.99999999999984,40661,54
MIX,TRBJ2-4,39,C,*,53.99999999999984,40661,54
MIX,TRBJ2-4,39,C,T,53.99999999999984,40661,54
MIX,TRBJ2-4,40,T,*,53.99999999999984,40661,54
MIX,TRBJ2-4,40,T,C,53.99999999999984,40661,54
MIX,TRBJ2-4,41,C,*,53.99999999999984,40661,54
MIX,TRBJ2-4,41,C,A,53.99999999999984,40661,54
MIX,TRBJ2-4,42,A,*,53.99999999999984,40661,54
MIX,TRBJ2-4,42,A,G,53.99999999999984,40661,54
MIX,TRBJ2-4,43,G,*,53.99999999999984,40661,54
MIX,TRBJ2-4,43,G,T,53.99999999999984,40661,54
MIX,TRBJ2-4,44,T,*,53.99999999999984,40661,54
MIX,TRBJ2-4,44,T,G,53.99999999999984,40661,54
MIX,TRBJ2-4,45,G,*,53.99999999999984,40661,54
MIX,TRBJ2-4,45,G,C,53.99999999999984,40661,54
MIX,TRBJ2-4,46,C,*,53.99999999999984,40661,54
MIX,TRBJ2-4,46,C,T,53.99999999999984,40661,54
MIX,TRBJ2-4,47,T,*,53.99999999999984,40661,54
MIX,TRBJ2-4,47,T,G,53.99999999999984,40661,54
MIX,TRBJ2-4,48,G,*,53.99999999999984,40661,54
MIX,TRBJ2-4,48,G,G,53.99999999999984,40661,54
MIX,TRBJ2-5,0,A,*,4.777061525039297,15232,54
MIX,TRBJ2-5,0,A,C,3.9406443798785737,14704,54
MIX,TRBJ2-5,1,C,*,15.015311128682663,45046,54
MIX,TRBJ2-5,1,C,C,14.091412411083306,44461,54
MIX,TRBJ2-5,2,C,*,23.50643839488625,82179,54
MIX,TRBJ2-5,2,C,A,19.93645770616955,79798,54
MIX,TRBJ2-5,3,A,*,25.574498275446693,102726,54
MIX,TRBJ2-5,3,A,A,22.46787338957041,100511,54
MIX,TRBJ2-5,4,A,*,34.6287827956788,143043,54
MIX,TRBJ2-5,4,A,G,34.00886348489576,142642,54
MIX,TRBJ2-5,5,G,*,49.13047194240398,212321,54
MIX,TRBJ2-5,5,G,A,46.383769317271415,210442,54
MIX,TRBJ2-5,6,A,*,48.23319004627974,216878,54
MIX,TRBJ2-5,6,A,G,47.88151248819592,216653,54
MIX,TRBJ2-5,7,G,*,52.30551915274174,227849,54
MIX,TRBJ2-5,7,G,A,51.64705843633293,227424,54
MIX,TRBJ2-5,8,A,*,52.222929261996256,228842,54
MIX,TRBJ2-5,8,A,C,52.028804966933926,228722,54
MIX,TRBJ2-5,9,C,*,53.193970981794315,232012,54
MIX,TRBJ2-5,9,C,C,53.18764792037334,232007,54
MIX,TRBJ2-5,10,C,*,53.58777651196539,233280,54
MIX,TRBJ2-5,10,C,C,53.5719788354447,233274,54
MIX,TRBJ2-5,11,C,*,53.65268098625448,233630,54
MIX,TRBJ2-5,11,C,A,53.607198907766566,233603,54
MIX,TRBJ2-5,12,A,*,53.682417589222865,233908,54
MIX,TRBJ2-5,12,A,G,53.62182800677397,233874,54
MIX,TRBJ2-5,13,G,*,53.737556202858144,234338,54
MIX,TRBJ2-5,13,G,T,53.718720145066186,234327,54
MIX,TRBJ2-5,14,T,*,53.82961921006455,234611,54
MIX,TRBJ2-5,14,T,A,53.8209193316961,234605,54
MIX,TRBJ2-5,15,A,*,53.90176837035139,234962,54
MIX,TRBJ2-5,15,A,C,53.87695841153631,234950,54
MIX,TRBJ2-5,16,C,*,53.928211116556035,235164,54
MIX,TRBJ2-5,16,C,T,53.92486476965141,235162,54
MIX,TRBJ2-5,17,T,*,53.96556515593586,235293,54
MIX,TRBJ2-5,17,T,T,53.96213658450729,235291,54
MIX,TRBJ2-5,18,T,*,53.974377268939286,235343,54
MIX,TRBJ2-5,18,T,C,53.964564739371404,235337,54
MIX,TRBJ2-5,19,C,*,53.97112930241878,235360,54
MIX,TRBJ2-5,19,C,G,53.968330794956096,235358,54
MIX,TRBJ2-5,20,G,*,53.982260070107266,235381,54
MIX,TRBJ2-5,20,G,G,53.97934178216952,235379,54
MIX,TRBJ2-5,21,G,*,53.98389759018059,235390,54
MIX,TRBJ2-5,21,G,G,53.98055124327596,235388,54
MIX,TRBJ2-5,22,G,*,53.98536962723072,235405,54
MIX,TRBJ2-5,22,G,C,53.96841501752146,235394,54
MIX,TRBJ2-5,23,C,*,53.975996631280005,235411,54
MIX,TRBJ2-5,23,C,C,53.97335926864264,235409,54
MIX,TRBJ2-5,24,C,*,53.99268828831888,235431,54
MIX,TRBJ2-5,24,C,A,53.99005092568152,235429,54
MIX,TRBJ2-5,25,A,*,53.99401014849474,235439,54
MIX,TRBJ2-5,25,A,G,53.986859880650826,235435,54
MIX,TRBJ2-5,26,G,*,53.99015635548465,235443,54
MIX,TRBJ2-5,26,G,G,53.97264238947332,235432,54
MIX,TRBJ2-5,27,G,*,53.980199010585004,235440,54
MIX,TRBJ2-5,27,G,C,53.968636750844645,235432,54
MIX,TRBJ2-5,28,C,*,53.98679882642137,235446,54
MIX,TRBJ2-5,28,C,A,53.98679882642137,235446,54
MIX,TRBJ2-5,29,A,*,53.999094232124285,235459,54
MIX,TRBJ2-5,29,A,C,53.93298246012863,235418,54
MIX,TRBJ2-5,30,C,*,53.93328873279555,235419,54
MIX,TRBJ2-5,30,C,G,53.91487001064064,235408,54
MIX,TRBJ2-5,31,G,*,53.9810978092565,235451,54
MIX,TRBJ2-5,31,G,C,53.96431261893163,235442,54
MIX,TRBJ2-5,32,C,*,53.983116343439214,235455,54
MIX,TRBJ2-5,32,C,G,53.97767349926432,235451,54
MIX,TRBJ2-5,33,G,*,53.9945571558249,235461,54
MIX,TRBJ2-5,33,G,G,53.98317420967248,235454,54
MIX,TRBJ2-5,34,G,*,53.98861705384737,235458,54
MIX,TRBJ2-5,34,G,C,53.97759631664209,235449,54
MIX,TRBJ2-5,35,C,*,53.988979262794516,235456,54
MIX,TRBJ2-5,35,C,T,53.98487529562625,235454,54
MIX,TRBJ2-5,36,T,*,53.99589603283153,235463,54
MIX,TRBJ2-5,36,T,C,53.99589603283153,235463,54
MIX,TRBJ2-5,37,C,*,53.999999999999794,235465,54
MIX,TRBJ2-5,37,C,C,53.99737302977212,235463,54
MIX,TRBJ2-5,38,C,*,53.99737302977212,235463,54
MIX,TRBJ2-5,38,C,T,53.98311730016885,235455,54
MIX,TRBJ2-5,39,T,*,53.985744270396516,235457,54
MIX,TRBJ2-5,39,T,G,53.93919342820999,235436,54
MIX,TRBJ2-5,40,G,*,53.94253977511462,235438,54
MIX,TRBJ2-5,40,G,G,53.93859931977311,235435,54
MIX,TRBJ2-5,41,G,*,53.98252319173197,235454,54
MIX,TRBJ2-5,41,G,T,53.98252319173197,235454,54
MIX,TRBJ2-5,42,T,*,53.999999999999794,235465,54
MIX,TRBJ2-5,42,T,G,53.98815171878145,235461,54
MIX,TRBJ2-5,43,G,*,53.98815171878145,235461,54
MIX,TRBJ2-5,43,G,C,53.96451563017006,235451,54
MIX,TRBJ2-5,44,C,*,53.976363911388404,235455,54
MIX,TRBJ2-5,44,C,T,53.976363911388404,235455,54
MIX,TRBJ2-5,45,T,*,53.999999999999794,235465,54
MIX,TRBJ2-5,45,T,C,53.98525429254267,235454,54
MIX,TRBJ2-5,46,C,*,53.98525429254267,235454,54
MIX,TRBJ2-5,46,C,G,53.98525429254267,235454,54
MIX,TRBJ2-5,2,C,G,1.7785478265467098,1186,54
MIX,TRBJ2-5,3,G,*,1.8030776782634614,1202,54
MIX,TRBJ2-5,3,G,A,1.7683458701959995,1177,54
MIX,TRBJ2-5,0,C,*,1.1701936594861793,800,52
MIX,TRBJ2-5,0,C,C,1.1701936594861793,800,52
MIX,TRBJ2-5,5,G,G,2.428002468642772,1678,54
MIX,TRBJ2-5,6,G,*,2.428002468642772,1678,54
MIX,TRBJ2-5,6,G,G,2.4150894251050894,1670,54
MIX,TRBJ2-5,4,A,C,0.20417225014892454,128,31
MIX,TRBJ2-5,5,C,*,0.20873152066564185,130,31
MIX,TRBJ2-5,5,C,A,0.20873152066564185,130,31
MIX,TRBJ2-6,0,C,*,23.069801126283732,15318,54
MIX,TRBJ2-6,0,C,T,21.351729383250312,14848,54
MIX,TRBJ2-6,1,T,*,30.796689027476102,20026,54
MIX,TRBJ2-6,1,T,C,30.445444672101246,19933,54
MIX,TRBJ2-6,2,C,*,40.88163772825471,26733,54
MIX,TRBJ2-6,2,C,T,37.82087438789082,25898,54
MIX,TRBJ2-6,3,T,*,41.79795084985018,28582,54
MIX,TRBJ2-6,3,T,G,41.76492334591404,28574,54
MIX,TRBJ2-6,4,G,*,51.1434937020356,33923,54
MIX,TRBJ2-6,4,G,G,51.09412597602724,33909,54
MIX,TRBJ2-6,5,G,*,51.756902366059535,34375,54
MIX,TRBJ2-6,5,G,G,51.59549639527034,34333,54
MIX,TRBJ2-6,6,G,*,52.216107586479914,34727,54
MIX,TRBJ2-6,6,G,G,52.09706326990807,34694,54
MIX,TRBJ2-6,7,G,*,52.47305082683673,34898,54
MIX,TRBJ2-6,7,G,C,52.3971026912594,34868,54
MIX,TRBJ2-6,8,C,*,52.76666857510139,35085,54
MIX,TRBJ2-6,8,C,C,52.76666857510139,35085,54
MIX,TRBJ2-6,9,C,*,53.028569370806665,35266,54
MIX,TRBJ2-6,9,C,A,53.021917486106,35255,54
MIX,TRBJ2-6,10,A,*,53.18451002760915,35365,54
MIX,TRBJ2-6,10,A,A,53.18451002760915,35365,54
MIX,TRBJ2-6,11,A,*,53.38312098242315,35497,54
MIX,TRBJ2-6,11,A,C,53.38312098242315,35497,54
MIX,TRBJ2-6,12,C,*,53.60574257500539,35653,54
MIX,TRBJ2-6,12,C,G,53.60574257500539,35653,54
MIX,TRBJ2-6,13,G,*,53.76252265402997,35762,54
MIX,TRBJ2-6,13,G,T,53.76252265402997,35762,54
MIX,TRBJ2-6,14,T,*,53.790950350493,35785,54
MIX,TRBJ2-6,14,T,C,53.790950350493,35785,54
MIX,TRBJ2-6,15,C,*,53.8393142088301,35820,54
MIX,TRBJ2-6,15,C,C,53.8393142088301,35820,54
MIX,TRBJ2-6,16,C,*,53.86387578912922,35837,54
MIX,TRBJ2-6,16,C,T,53.86387578912922,35837,54
MIX,TRBJ2-6,17,T,*,53.874497021397495,35847,54
MIX,TRBJ2-6,17,T,G,53.874497021397495,35847,54
MIX,TRBJ2-6,18,G,*,53.91009474636699,35865,54
MIX,TRBJ2-6,18,G,A,53.91009474636699,35865,54
MIX,TRBJ2-6,19,A,*,53.92508490178999,35874,54
MIX,TRBJ2-6,19,A,C,53.92508490178999,35874,54
MIX,TRBJ2-6,20,C,*,53.94956080742461,35887,54
MIX,TRBJ2-6,20,C,T,53.94421321384172,35885,54
MIX,TRBJ2-6,21,T,*,53.9516500757516,35894,54
MIX,TRBJ2-6,21,T,T,53.9516500757516,35894,54
MIX,TRBJ2-6,22,T,*,53.96654913693861,35899,54
MIX,TRBJ2-6,22,T,T,53.96654913693861,35899,54
MIX,TRBJ2-6,23,T,*,53.9714596472183,35903,54
MIX,TRBJ2-6,23,T,C,53.9714596472183,35903,54
MIX,TRBJ2-6,24,C,*,53.97185399840402,35904,54
MIX,TRBJ2-6,24,C,G,53.97185399840402,35904,54
MIX,TRBJ2-6,25,G,*,53.97308403385799,35905,54
MIX,TRBJ2-6,25,G,G,53.97308403385799,35905,54
MIX,TRBJ2-6,26,G,*,53.97472469438555,35907,54
MIX,TRBJ2-6,26,G,G,53.97472469438555,35907,54
MIX,TRBJ2-6,27,G,*,53.97594605651105,35908,54
MIX,TRBJ2-6,27,G,G,53.97594605651105,35908,54
MIX,TRBJ2-6,28,G,*,53.97906484209236,35911,54
MIX,TRBJ2-6,28,G,C,53.97064969482728,35909,54
MIX,TRBJ2-6,29,C,*,53.975052144710226,35913,54
MIX,TRBJ2-6,29,C,C,53.975052144710226,35913,54
MIX,TRBJ2-6,30,C,*,53.98346729197531,35915,54
MIX,TRBJ2-6,30,C,G,53.98346729197531,35915,54
MIX,TRBJ2-6,31,G,*,53.98346729197531,35915,54
MIX,TRBJ2-6,31,G,G,53.96590628290327,35911,54
MIX,TRBJ2-6,32,G,*,53.96590628290327,35911,54
MIX,TRBJ2-6,32,G,C,53.96590628290327,35911,54
MIX,TRBJ2-6,33,C,*,53.98164687097836,35921,54
MIX,TRBJ2-6,33,C,A,53.98164687097836,35921,54
MIX,TRBJ2-6,34,A,*,53.98243899092795,35922,54
MIX,TRBJ2-6,34,A,G,53.98243899092795,35922,54
MIX,TRBJ2-6,35,G,*,54.00000000000001,35926,54
MIX,TRBJ2-6,35,G,C,54.00000000000001,35926,54
MIX,TRBJ2-6,36,C,*,54.00000000000001,35926,54
MIX,TRBJ2-6,36,C,A,54.00000000000001,35926,54
MIX,TRBJ2-6,37,A,*,54.00000000000001,35926,54
MIX,TRBJ2-6,37,A,G,54.00000000000001,35926,54
MIX,TRBJ2-6,38,G,*,54.00000000000001,35926,54
MIX,TRBJ2-6,38,G,G,54.00000000000001,35926,54
MIX,TRBJ2-6,39,G,*,54.00000000000001,35926,54
MIX,TRBJ2-6,39,G,C,54.00000000000001,35926,54
MIX,TRBJ2-6,40,C,*,54.00000000000001,35926,54
MIX,TRBJ2-6,40,C,T,54.00000000000001,35926,54
MIX,TRBJ2-6,41,T,*,54.00000000000001,35926,54
MIX,TRBJ2-6,41,T,G,54.00000000000001,35926,54
MIX,TRBJ2-6,42,G,*,54.00000000000001,35926,54
MIX,TRBJ2-6,42,G,A,54.00000000000001,35926,54
MIX,TRBJ2-6,43,A,*,54.00000000000001,35926,54
MIX,TRBJ2-6,43,A,C,54.00000000000001,35926,54
MIX,TRBJ2-6,44,C,*,54.00000000000001,35926,54
MIX,TRBJ2-6,44,C,C,53.990430622009576,35924,54
MIX,TRBJ2-6,45,C,*,53.990430622009576,35924,54
MIX,TRBJ2-6,45,C,G,53.990430622009576,35924,54
MIX,TRBJ2-6,46,G,*,54.00000000000001,35926,54
MIX,TRBJ2-6,46,G,T,54.00000000000001,35926,54
MIX,TRBJ2-6,47,T,*,54.00000000000001,35926,54
MIX,TRBJ2-6,47,T,G,54.00000000000001,35926,54
MIX,TRBJ2-6,48,G,*,54.00000000000001,35926,54
MIX,TRBJ2-6,48,G,C,54.00000000000001,35926,54
MIX,TRBJ2-6,49,C,*,54.00000000000001,35926,54
MIX,TRBJ2-6,49,C,T,54.00000000000001,35926,54
MIX,TRBJ2-6,50,T,*,54.00000000000001,35926,54
MIX,TRBJ2-6,50,T,G,54.00000000000001,35926,54
MIX,TRBJ2-6,51,G,*,54.00000000000001,35926,54
MIX,TRBJ2-6,51,G,G,54.00000000000001,35926,54
MIX,TRBJ2-6,2,C,C,1.9058256553147095,529,45
MIX,TRBJ2-6,3,C,*,1.9071545304861772,530,45
MIX,TRBJ2-6,3,C,G,1.9071545304861772,530,45
MIX,TRBJ2-7,0,C,*,13.651312562381554,60148,54
MIX,TRBJ2-7,0,C,T,8.316880679969504,54061,54
MIX,TRBJ2-7,1,T,*,16.237160311435257,85228,54
MIX,TRBJ2-7,1,T,C,13.047609327212609,81901,54
MIX,TRBJ2-7,2,C,*,28.072703537836553,152435,54
MIX,TRBJ2-7,2,C,C,25.86502720844178,150207,54
MIX,TRBJ2-7,3,C,*,36.13512133650708,219715,54
MIX,TRBJ2-7,3,C,T,31.531503579348886,214691,54
MIX,TRBJ2-7,4,T,*,37.87293450355634,261362,54
MIX,TRBJ2-7,4,T,A,35.969154557334335,259434,54
MIX,TRBJ2-7,5,A,*,44.11802745045527,303251,54
MIX,TRBJ2-7,5,A,C,43.84036144766068,302988,54
MIX,TRBJ2-7,6,C,*,49.87236713541959,345420,54
MIX,TRBJ2-7,6,C,G,49.712728230357065,345267,54
MIX,TRBJ2-7,7,G,*,52.482918992998606,371153,54
MIX,TRBJ2-7,7,G,A,51.62137042547991,370298,54
MIX,TRBJ2-7,8,A,*,52.05145354933827,372811,54
MIX,TRBJ2-7,8,A,G,51.796723048463434,372560,54
MIX,TRBJ2-7,9,G,*,53.135274667144536,377787,54
MIX,TRBJ2-7,9,G,C,53.00416193636623,377649,54
MIX,TRBJ2-7,10,C,*,53.37575383254363,379045,54
MIX,TRBJ2-7,10,C,A,53.21738384201573,378885,54
MIX,TRBJ2-7,11,A,*,53.46321110614329,380061,54
MIX,TRBJ2-7,11,A,G,53.4417977328125,380040,54
MIX,TRBJ2-7,12,G,*,53.7318363010567,381588,54
MIX,TRBJ2-7,12,G,T,53.6814958940546,381542,54
MIX,TRBJ2-7,13,T,*,53.74764555473763,382029,54
MIX,TRBJ2-7,13,T,A,53.723940554309074,382008,54
MIX,TRBJ2-7,14,A,*,53.84073181669758,382773,54
MIX,TRBJ2-7,14,A,C,53.82123988533903,382755,54
MIX,TRBJ2-7,15,C,*,53.88918892390152,383327,54
MIX,TRBJ2-7,15,C,T,52.019427771982535,378134,54
MIX,TRBJ2-7,16,T,*,52.07657402271136,378518,54
MIX,TRBJ2-7,16,T,T,52.07657402271136,378518,54
MIX,TRBJ2-7,17,T,*,53.964115849622026,383887,54
MIX,TRBJ2-7,17,T,C,53.94933889218984,383878,54
MIX,TRBJ2-7,18,C,*,53.958190039292866,383973,54
MIX,TRBJ2-7,18,C,G,53.93379180573241,383950,54
MIX,TRBJ2-7,19,G,*,53.95449845232902,384010,54
MIX,TRBJ2-7,19,G,G,53.94791818030956,384004,54
MIX,TRBJ2-7,20,G,*,53.973775200843995,384051,54
MIX,TRBJ2-7,20,G,G,53.95338334856221,384032,54
MIX,TRBJ2-7,21,G,*,53.962216477069084,384072,54
MIX,TRBJ2-7,21,G,C,53.92206806974988,384033,54
MIX,TRBJ2-7,22,C,*,53.93977809729138,384086,54
MIX,TRBJ2-7,22,C,C,53.925924595682,384073,54
MIX,TRBJ2-7,23,C,*,53.96780221979691,384132,54
MIX,TRBJ2-7,23,C,G,53.95745860083122,384121,54
MIX,TRBJ2-7,24,G,*,53.979901326723606,384169,54
MIX,TRBJ2-7,24,G,G,53.9727433873353,384161,54
MIX,TRBJ2-7,25,G,*,53.9837643355976,384188,54
MIX,TRBJ2-7,25,G,G,53.97792128570492,384183,54
MIX,TRBJ2-7,26,G,*,53.98888984256651,384227,54
MIX,TRBJ2-7,26,G,C,53.967678235477855,384209,54
MIX,TRBJ2-7,27,C,*,53.974448778622275,384229,54
MIX,TRBJ2-7,27,C,A,53.96640436552226,384221,54
MIX,TRBJ2-7,28,A,*,53.98876658282413,384247,54
MIX,TRBJ2-7,28,A,C,53.98333879100331,384242,54
MIX,TRBJ2-7,29,C,*,53.993277615471904,384265,54
MIX,TRBJ2-7,29,C,C,53.98197921715994,384255,54
MIX,TRBJ2-7,30,C,*,53.988498732359446,384268,54
MIX,TRBJ2-7,30,C,A,53.971359888307106,384247,54
MIX,TRBJ2-7,31,A,*,53.98276307886673,384259,54
MIX,TRBJ2-7,31,A,G,53.97282721148844,384251,54
MIX,TRBJ2-7,32,G,*,53.990064132621654,384274,54
MIX,TRBJ2-7,32,G,G,53.966164840890215,384249,54
MIX,TRBJ2-7,33,G,*,53.9761007082685,384257,54
MIX,TRBJ2-7,33,G,C,53.97457282438768,384255,54
MIX,TRBJ2-7,34,C,*,53.998472116119125,384280,54
MIX,TRBJ2-7,34,C,T,53.994444468422486,384273,54
MIX,TRBJ2-7,35,T,*,53.99597235230331,384275,54
MIX,TRBJ2-7,35,T,C,53.984532801636945,384264,54
MIX,TRBJ2-7,36,C,*,53.98856044933359,384271,54
MIX,TRBJ2-7,36,C,A,53.98601231796326,384268,54
MIX,TRBJ2-7,37,A,*,53.99745186862962,384279,54
MIX,TRBJ2-7,37,A,C,53.942748826122816,384226,54
MIX,TRBJ2-7,38,C,*,53.94529695749315,384229,54
MIX,TRBJ2-7,38,C,G,53.90137055859774,384188,54
MIX,TRBJ2-7,39,G,*,53.956073601104535,384241,54
MIX,TRBJ2-7,39,G,G,53.945698392332694,384230,54
MIX,TRBJ2-7,40,G,*,53.98962479122811,384271,54
MIX,TRBJ2-7,40,G,T,53.98331512182816,384267,54
MIX,TRBJ2-7,41,T,*,53.993690330599996,384278,54
MIX,TRBJ2-7,41,T,C,53.979415250777066,384264,54
MIX,TRBJ2-7,42,C,*,53.98572492017702,384268,54
MIX,TRBJ2-7,42,C,A,53.98572492017702,384268,54
MIX,TRBJ2-7,43,A,*,53.99999999999995,384282,54
MIX,TRBJ2-7,43,A,C,53.983568025792785,384265,54
MIX,TRBJ2-7,44,C,*,53.983568025792785,384265,54
MIX,TRBJ2-7,44,C,A,53.97664638786663,384257,54
MIX,TRBJ2-7,45,A,*,53.993078362073796,384274,54
MIX,TRBJ2-7,45,A,G,53.89507917322226,384184,54
MIX,TRBJ2-7,3,C,C,2.395719584087617,2731,54
MIX,TRBJ2-7,4,C,*,2.3984735620557935,2734,54
MIX,TRBJ2-7,4,C,A,2.3788997361643287,2714,54
MIX,TRBJ2-7,0,C,A,1.662924097650258,1837,54
MIX,TRBJ2-7,1,A,*,2.0603600138519873,2248,54
MIX,TRBJ2-7,1,A,C,2.0229970766707006,2211,54
MIX,TRBJ2-7,0,C,C,2.342662339675132,2772,54
MIX,TRBJ2-7,1,C,*,2.5470950010906823,2989,54
MIX,TRBJ2-7,1,C,C,2.485249744024278,2925,54
MIX,TRBJ2-7,4,T,C,1.3221709805996453,1376,54
MIX,TRBJ2-7,5,C,*,1.3263365003306982,1380,54
MIX,TRBJ2-7,5,C,C,1.3263365003306982,1380,54
MIX,TRBJ2-7,0,G,*,1.8149242176232478,1871,54
MIX,TRBJ2-7,0,G,T,1.1626468559265901,1164,54
MIX,TRBJ2-7,0,T,*,1.5009926002860736,1604,52
MIX,TRBJ2-7,0,T,T,1.266246268011088,1359,52
MIX,TRBJ2-7,0,C,G,1.3288454450866596,1478,54
MIX,TRBJ2-7,1,G,*,1.8444156190720555,2038,54
MIX,TRBJ2-7,1,G,C,1.7910834692194901,1976,54
MIX,TRBJ2-7,1,T,A,1.530213198136871,1585,53
MIX,TRBJ2-7,2,A,*,1.5649816868485644,1623,53
MIX,TRBJ2-7,2,A,C,1.5649816868485644,1623,53
MIX,TRBJ2-7,0,A,*,1.1274220816318725,1162,53
MIX,TRBJ2-7,0,A,T,0.8983097285096877,930,53
MIX,TRBJ2-7,0,A,A,0.1114547328320326,114,25
MIX,TRBJ2-7,3,C,A,1.095981438384248,1123,52
MIX,TRBJ2-7,4,A,*,1.1006881344922537,1129,52
MIX,TRBJ2-7,4,A,A,1.0941181451699116,1124,52
MIX,TRBJ2-7,3,C,G,1.1119167346863432,1170,52
MIX,TRBJ2-7,4,G,*,1.1280119734443517,1181,52
MIX,TRBJ2-7,4,G,A,1.094992302744673,1146,52
MIX,TRBJ2-7,1,T,T,1.6442426893961055,1726,54
MIX,TRBJ2-7,2,T,*,1.703534556286054,1789,54
MIX,TRBJ2-7,2,T,C,1.6780727702277058,1761,54
MIX,TRBJ2-7,0,G,G,0.4212211562540026,456,35
MIX,TRBJ1-1,4,C,C,0.3537207145362461,227,41
MIX,TRBJ1-1,5,C,*,0.3537207145362461,227,41
MIX,TRBJ1-1,5,C,C,0.3537207145362461,227,41
MIX,TRBJ1-1,0,C,*,0.8396505417954294,574,48
MIX,TRBJ1-1,0,C,G,0.8396505417954294,574,48
MIX,TRBJ1-1,3,A,A,0.5023012097536439,333,45
MIX,TRBJ1-1,4,A,*,0.5058494060871743,335,45
MIX,TRBJ1-1,4,A,A,0.5058494060871743,335,45
MIX,TRBJ1-1,8,G,G,0.5885989160626565,408,46
MIX,TRBJ1-1,9,G,*,0.5890677393162899,409,46
MIX,TRBJ1-1,9,G,A,0.5890677393162899,409,46
MIX,TRBJ1-1,12,C,C,0.08393897468798031,54,18
MIX,TRBJ1-1,13,C,*,0.08393897468798031,54,18
MIX,TRBJ1-1,13,C,T,0.08393897468798031,54,18
MIX,TRBJ1-1,2,A,T,0.8182578089743254,551,51
MIX,TRBJ1-1,3,T,*,0.8182578089743254,551,51
MIX,TRBJ1-1,3,T,C,0.8182578089743254,551,51
MIX,TRBJ1-1,1,G,T,0.3689059481776146,219,43
MIX,TRBJ1-1,2,T,*,0.3689059481776146,219,43
MIX,TRBJ1-1,2,T,A,0.3689059481776146,219,43
MIX,TRBJ1-1,0,T,A,0.3573782209280296,216,39
MIX,TRBJ1-1,1,A,*,0.3573782209280296,216,39
MIX,TRBJ1-1,1,A,A,0.3573782209280296,216,39
MIX,TRBJ1-1,2,A,C,1.129050391366343,787,51
MIX,TRBJ1-1,3,C,*,1.1293569688468335,788,51
MIX,TRBJ1-1,3,C,C,1.1293569688468335,788,51
MIX,TRBJ1-2,5,T,T,0.45301795730941113,242,41
MIX,TRBJ1-2,6,T,*,0.45301795730941113,242,41
MIX,TRBJ1-2,6,T,T,0.44925855881317056,240,41
MIX,TRBJ1-2,6,A,G,0.0098088673402524,4,2
MIX,TRBJ1-2,7,G,*,0.0134255038682813,6,3
MIX,TRBJ1-2,7,G,G,0.0134255038682813,6,3
MIX,TRBJ1-2,8,G,A,0.18747892678009745,97,25
MIX,TRBJ1-2,9,A,*,0.18747892678009745,97,25
MIX,TRBJ1-2,9,A,C,0.18747892678009745,97,25
MIX,TRBJ1-2,9,G,T,0.0886631649715273,49,13
MIX,TRBJ1-2,10,T,*,0.0886631649715273,49,13
MIX,TRBJ1-2,10,T,T,0.0886631649715273,49,13
MIX,TRBJ1-2,1,T,C,0.1602348079279262,75,21
MIX,TRBJ1-2,2,C,*,0.1602348079279262,75,21
MIX,TRBJ1-2,2,C,A,0.1602348079279262,75,21
MIX,TRBJ1-2,1,T,T,0.3843788096911315,195,36
MIX,TRBJ1-2,2,T,*,0.3843788096911315,195,36
MIX,TRBJ1-2,2,T,A,0.37178021043875015,188,35
MIX,TRBJ1-3,2,C,C,1.230414153902843,362,45
MIX,TRBJ1-3,3,C,*,1.2368107423889836,364,45
MIX,TRBJ1-3,3,C,G,1.2368107423889836,364,45
MIX,TRBJ1-3,0,C,G,0.3249991485323885,82,23
MIX,TRBJ1-3,1,G,*,0.3249991485323885,82,23
MIX,TRBJ1-3,1,G,C,0.3249991485323885,82,23
MIX,TRBJ1-3,13,A,C,0.0521695624689633,11,5
MIX,TRBJ1-3,14,C,*,0.0521695624689633,11,5
MIX,TRBJ1-3,14,C,A,0.0521695624689633,11,5
MIX,TRBJ1-3,0,G,*,0.43021844318108027,117,26
MIX,TRBJ1-3,0,G,T,0.43021844318108027,117,26
MIX,TRBJ1-4,6,A,C,1.1571499995218597,395,46
MIX,TRBJ1-4,7,C,*,1.1571499995218597,395,46
MIX,TRBJ1-4,7,C,G,1.1571499995218597,395,46
MIX,TRBJ1-4,2,A,G,0.18398732191102563,62,17
MIX,TRBJ1-4,3,G,*,0.18398732191102563,62,17
MIX,TRBJ1-4,3,G,T,0.1782346852859058,60,17
MIX,TRBJ1-4,1,A,G,0.7727705878236502,248,44
MIX,TRBJ1-4,2,G,*,0.7727705878236502,248,44
MIX,TRBJ1-4,2,G,C,0.7727705878236502,248,44
MIX,TRBJ1-4,0,G,*,0.19093119025043828,59,21
MIX,TRBJ1-4,0,G,A,0.1851785536253185,57,21
MIX,TRBJ1-5,2,G,G,1.1702255199977551,517,45
MIX,TRBJ1-5,3,G,*,1.1702255199977551,517,45
MIX,TRBJ1-5,3,G,A,1.1702255199977551,517,45
MIX,TRBJ1-5,2,G,A,0.8413742012559666,352,48
MIX,TRBJ1-5,3,A,*,0.8413742012559666,352,48
MIX,TRBJ1-5,3,A,A,0.8413742012559666,352,48
MIX,TRBJ1-5,7,C,G,0.3913515178295504,163,31
MIX,TRBJ1-5,8,G,*,0.3913515178295504,163,31
MIX,TRBJ1-5,8,G,G,0.3913515178295504,163,31
MIX,TRBJ1-5,3,C,C,0.4881788549194157,201,37
MIX,TRBJ1-5,4,C,*,0.4881788549194157,201,37
MIX,TRBJ1-5,4,C,A,0.4881788549194157,201,37
MIX,TRBJ1-5,45,C,T,0.010016694490818,2,1
MIX,TRBJ1-5,46,T,*,0.010016694490818,2,1
MIX,TRBJ1-5,46,T,T,0.010016694490818,2,1
MIX,TRBJ1-5,0,T,C,0.18448009947884345,73,23
MIX,TRBJ1-5,1,C,*,0.19640818691512268,76,24
MIX,TRBJ1-5,1,C,G,0.19640818691512268,76,24
MIX,TRBJ1-5,0,T,G,0.9613991767915433,415,47
MIX,TRBJ1-5,1,G,*,0.9613991767915433,415,47
MIX,TRBJ1-5,1,G,G,0.9613991767915433,415,47
MIX,TRBJ1-6,7,A,G,0.583328784078399,180,38
MIX,TRBJ1-6,8,G,*,0.583328784078399,180,38
MIX,TRBJ1-6,8,G,T,0.583328784078399,180,38
MIX,TRBJ2-1,1,T,A,0.6447844816253248,580,49
MIX,TRBJ2-1,2,A,*,0.6548951701398347,588,49
MIX,TRBJ2-1,2,A,C,0.6462758564919349,581,49
MIX,TRBJ2-1,3,C,G,0.94053263315452,947,50
MIX,TRBJ2-1,4,G,*,0.9600026206779555,963,50
MIX,TRBJ2-1,4,G,A,0.9411740526519613,944,50
MIX,TRBJ2-1,2,C,T,1.0221009989250882,967,50
MIX,TRBJ2-1,3,T,*,1.0657472493279447,1009,50
MIX,TRBJ2-1,3,T,T,1.059532204077791,1003,50
MIX,TRBJ2-1,1,T,T,0.7281152333285243,684,49
MIX,TRBJ2-1,2,T,*,0.7489305657809077,706,49
MIX,TRBJ2-1,2,T,C,0.6753957730705303,634,49
MIX,TRBJ2-1,8,A,C,0.44667473258985474,433,47
MIX,TRBJ2-1,9,C,*,0.44667473258985474,433,47
MIX,TRBJ2-1,9,C,G,0.44667473258985474,433,47
MIX,TRBJ2-1,8,A,G,0.3443105251433312,308,43
MIX,TRBJ2-1,9,G,*,0.3489107400245164,313,43
MIX,TRBJ2-1,9,G,G,0.3489107400245164,313,43
MIX,TRBJ2-1,2,C,G,0.5860230616321894,576,44
MIX,TRBJ2-1,3,G,*,0.6108160765423688,598,44
MIX,TRBJ2-1,3,G,T,0.5941458519158372,583,44
MIX,TRBJ2-1,8,A,A,0.19560821099288042,179,37
MIX,TRBJ2-1,9,A,*,0.19560821099288042,179,37
MIX,TRBJ2-1,9,A,G,0.19560821099288042,179,37
MIX,TRBJ2-1,12,G,G,0.17803779529306463,171,34
MIX,TRBJ2-1,13,G,*,0.17803779529306463,171,34
MIX,TRBJ2-1,13,G,A,0.17652798150343202,169,34
MIX,TRBJ2-1,6,C,C,0.3973117875005705,375,42
MIX,TRBJ2-1,7,C,*,0.3973117875005705,375,42
MIX,TRBJ2-1,7,C,A,0.3958019737109379,373,42
MIX,TRBJ2-1,0,G,*,1.1924136137555512,1204,50
MIX,TRBJ2-1,0,G,T,0.7949865306719042,792,50
MIX,TRBJ2-1,0,T,*,0.7473636448065668,741,50
MIX,TRBJ2-1,0,T,T,0.6480512006074952,649,49
MIX,TRBJ2-1,0,T,A,0.04544719207466939,42,13
MIX,TRBJ2-1,12,G,A,0.057664109742362205,56,17
MIX,TRBJ2-1,13,A,*,0.057664109742362205,56,17
MIX,TRBJ2-1,13,A,A,0.057664109742362205,56,17
MIX,TRBJ2-1,33,A,T,0.035056827217894194,35,12
MIX,TRBJ2-1,34,T,*,0.035056827217894194,35,12
MIX,TRBJ2-1,34,T,G,0.035056827217894194,35,12
MIX,TRBJ2-1,30,G,-,0.09202034909130401,73,21
MIX,TRBJ2-1,31,-,*,0.09202034909130401,73,21
MIX,TRBJ2-1,31,-,-,0.09202034909130401,73,21
MIX,TRBJ2-1,32,-,*,0.09202034909130401,73,21
MIX,TRBJ2-1,32,-,A,0.09202034909130401,73,21
MIX,TRBJ2-1,24,G,T,0.023524684566849502,20,7
MIX,TRBJ2-1,25,T,*,0.023524684566849502,20,7
MIX,TRBJ2-1,25,T,C,0.023524684566849502,20,7
MIX,TRBJ2-1,6,C,T,0.34122313792554426,324,44
MIX,TRBJ2-1,7,T,*,0.3426915240221212,326,44
MIX,TRBJ2-1,7,T,A,0.3426915240221212,326,44
MIX,TRBJ2-1,0,T,C,0.029145031460028295,24,8
MIX,TRBJ2-2,5,A,G,0.5232005994462444,341,46
MIX,TRBJ2-2,6,G,*,0.5385887286893524,351,46
MIX,TRBJ2-2,6,G,C,0.5385887286893524,351,46
MIX,TRBJ2-2,5,A,A,0.28497820389726114,187,39
MIX,TRBJ2-2,6,A,*,0.28569419435072174,188,39
MIX,TRBJ2-2,6,A,C,0.28569419435072174,188,39
MIX,TRBJ2-2,2,A,T,0.9021704244010895,616,53
MIX,TRBJ2-2,3,T,*,0.9061153082658578,620,53
MIX,TRBJ2-2,3,T,C,0.9025523628976868,618,53
MIX,TRBJ2-2,0,A,*,0.383820347635721,269,41
MIX,TRBJ2-2,0,A,G,0.383820347635721,269,41
MIX,TRBJ2-2,43,C,T,0.0103871114677541,4,2
MIX,TRBJ2-2,44,T,*,0.0103871114677541,4,2
MIX,TRBJ2-2,44,T,T,0.0103871114677541,4,2
MIX,TRBJ2-2,4,C,G,0.8039935500874469,584,48
MIX,TRBJ2-2,5,G,*,0.8046341650778377,585,48
MIX,TRBJ2-2,5,G,C,0.7952866440079522,579,48
MIX,TRBJ2-2,1,G,T,0.45395122036036695,296,44
MIX,TRBJ2-2,2,T,*,0.45752567051984105,299,44
MIX,TRBJ2-2,2,T,A,0.45752567051984105,299,44
MIX,TRBJ2-3,0,A,C,0.7724933289141371,622,50
MIX,TRBJ2-3,1,C,*,0.7724933289141371,622,50
MIX,TRBJ2-3,1,C,C,0.7724933289141371,622,50
MIX,TRBJ2-3,0,A,A,1.2806692208427906,1040,52
MIX,TRBJ2-3,1,A,*,1.286387654129536,1053,52
MIX,TRBJ2-3,1,A,C,1.286387654129536,1053,52
MIX,TRBJ2-3,3,A,T,0.42187170372462046,322,44
MIX,TRBJ2-3,4,T,*,0.4426481043338417,338,44
MIX,TRBJ2-3,4,T,A,0.42907989164034954,327,44
MIX,TRBJ2-3,5,A,A,0.5066704995065845,396,44
MIX,TRBJ2-3,6,A,*,0.513984094954528,401,45
MIX,TRBJ2-3,6,A,A,0.513984094954528,401,45
MIX,TRBJ2-3,0,G,*,1.0528881759360538,864,51
MIX,TRBJ2-3,0,G,G,1.0528881759360538,864,51
MIX,TRBJ2-3,3,A,A,0.3617206192157392,301,39
MIX,TRBJ2-3,4,A,*,0.37392745195622706,309,39
MIX,TRBJ2-3,4,A,A,0.3694553648100835,305,39
MIX,TRBJ2-3,6,G,G,0.6320505767017033,517,45
MIX,TRBJ2-3,7,G,*,0.6320505767017033,517,45
MIX,TRBJ2-3,7,G,T,0.6238381190838177,510,45
MIX,TRBJ2-4,3,C,C,0.6151403548760622,188,35
MIX,TRBJ2-4,4,C,*,0.6151403548760622,188,35
MIX,TRBJ2-4,4,C,A,0.6151403548760622,188,35
MIX,TRBJ2-4,1,G,G,0.9040621085384919,250,39
MIX,TRBJ2-4,2,G,*,0.9040621085384919,250,39
MIX,TRBJ2-4,2,G,C,0.9040621085384919,250,39
MIX,TRBJ2-5,3,A,G,2.539281908231934,1839,52
MIX,TRBJ2-5,4,G,*,2.57574974369005,1865,52
MIX,TRBJ2-5,4,G,G,2.57574974369005,1865,52
MIX,TRBJ2-5,2,C,T,0.5907449899486561,382,45
MIX,TRBJ2-5,3,T,*,0.5914680557476438,383,45
MIX,TRBJ2-5,3,T,A,0.5914680557476438,383,45
MIX,TRBJ2-5,0,A,T,0.7616909025947058,481,50
MIX,TRBJ2-5,1,T,*,0.7646839813038954,484,50
MIX,TRBJ2-5,1,T,C,0.7610194861898888,481,50
MIX,TRBJ2-5,0,T,*,1.1183423140169177,724,52
MIX,TRBJ2-5,0,T,C,1.1156979773047098,722,52
MIX,TRBJ2-5,11,C,G,0.020570041165973503,12,5
MIX,TRBJ2-5,12,G,*,0.020570041165973503,12,5
MIX,TRBJ2-5,12,G,G,0.020570041165973503,12,5
MIX,TRBJ2-5,7,G,C,0.0679594442089513,42,15
MIX,TRBJ2-5,8,C,*,0.0679594442089513,42,15
MIX,TRBJ2-5,8,C,C,0.0679594442089513,42,15
MIX,TRBJ2-6,0,C,C,0.5303628496697035,143,33
MIX,TRBJ2-6,1,C,*,0.5303628496697035,143,33
MIX,TRBJ2-6,1,C,C,0.5303628496697035,143,33
MIX,TRBJ2-6,1,T,T,0.2874874131934536,78,22
MIX,TRBJ2-6,2,T,*,0.2874874131934536,78,22
MIX,TRBJ2-6,2,T,T,0.2874874131934536,78,22
MIX,TRBJ2-6,0,T,*,0.5159777989902059,147,30
MIX,TRBJ2-6,0,T,T,0.5159777989902059,147,30
MIX,TRBJ2-7,2,C,T,0.998809113154891,1007,52
MIX,TRBJ2-7,3,T,*,1.0150509024740026,1025,52
MIX,TRBJ2-7,3,T,T,1.007128957222932,1017,52
MIX,TRBJ2-7,7,G,G,0.6873269828564984,688,50
MIX,TRBJ2-7,8,G,*,0.6873269828564984,688,50
MIX,TRBJ2-7,8,G,G,0.6873269828564984,688,50
MIX,TRBJ2-7,0,G,C,0.0676214081752046,72,18
MIX,TRBJ2-7,2,C,G,0.7489821282347838,750,51
MIX,TRBJ2-7,3,G,*,0.7547756778205301,758,51
MIX,TRBJ2-7,3,G,T,0.743848406345416,752,50
MIX,TRBJ1-1,4,C,G,0.8576736074003207,593,47
MIX,TRBJ1-1,5,G,*,0.8576736074003207,593,47
MIX,TRBJ1-1,5,G,C,0.8510035477569188,588,47
MIX,TRBJ1-1,6,C,A,0.3426614748929189,229,37
MIX,TRBJ1-1,7,A,*,0.3426614748929189,229,37
MIX,TRBJ1-1,7,A,G,0.3426614748929189,229,37
MIX,TRBJ1-1,5,A,A,0.2105654775899023,127,32
MIX,TRBJ1-1,6,A,*,0.21116274721447564,128,32
MIX,TRBJ1-1,6,A,T,0.21116274721447564,128,32
MIX,TRBJ1-1,0,A,*,0.6203454553780058,446,46
MIX,TRBJ1-1,0,A,G,0.6203454553780058,446,46
MIX,TRBJ1-1,0,T,C,0.2667461434555633,182,34
MIX,TRBJ1-1,1,C,*,0.2667461434555633,182,34
MIX,TRBJ1-1,1,C,A,0.2667461434555633,182,34
MIX,TRBJ1-1,6,C,C,0.34655552644947085,251,37
MIX,TRBJ1-1,7,C,*,0.3471532550806723,252,37
MIX,TRBJ1-1,7,C,G,0.3471532550806723,252,37
MIX,TRBJ1-1,5,A,T,0.2093754910288677,135,30
MIX,TRBJ1-1,6,T,*,0.2093754910288677,135,30
MIX,TRBJ1-1,6,T,T,0.2093754910288677,135,30
MIX,TRBJ1-1,6,C,G,0.18217008284237982,125,26
MIX,TRBJ1-1,7,G,*,0.1998955059784129,135,27
MIX,TRBJ1-1,7,G,G,0.1998955059784129,135,27
MIX,TRBJ1-1,7,T,A,0.07326252017242478,59,14
MIX,TRBJ1-1,8,A,*,0.07326252017242478,59,14
MIX,TRBJ1-1,8,A,A,0.07326252017242478,59,14
MIX,TRBJ1-1,7,T,C,0.041575515557229,29,10
MIX,TRBJ1-1,8,C,*,0.041575515557229,29,10
MIX,TRBJ1-1,8,C,A,0.041575515557229,29,10
MIX,TRBJ1-1,43,T,A,0.06354268794995799,33,12
MIX,TRBJ1-1,44,A,*,0.06354268794995799,33,12
MIX,TRBJ1-1,44,A,G,0.06354268794995799,33,12
MIX,TRBJ1-1,45,G,*,0.06354268794995799,33,12
MIX,TRBJ1-1,45,G,A,0.06354268794995799,33,12
MIX,TRBJ1-1,40,A,T,0.0143817075635256,8,3
MIX,TRBJ1-1,41,T,*,0.0143817075635256,8,3
MIX,TRBJ1-1,41,T,T,0.0143817075635256,8,3
MIX,TRBJ1-1,8,G,C,0.0602349518659324,45,13
MIX,TRBJ1-1,9,C,*,0.0602349518659324,45,13
MIX,TRBJ1-1,9,C,A,0.0602349518659324,45,13
MIX,TRBJ1-1,10,A,A,0.0807239054293881,59,16
MIX,TRBJ1-1,11,A,*,0.0807239054293881,59,16
MIX,TRBJ1-1,11,A,C,0.0807239054293881,59,16
MIX,TRBJ1-1,34,A,T,0.0032467532467532,2,1
MIX,TRBJ1-1,35,T,*,0.0032467532467532,2,1
MIX,TRBJ1-1,35,T,T,0.0032467532467532,2,1
MIX,TRBJ1-1,26,G,T,0.0032467532467532,2,1
MIX,TRBJ1-1,27,T,*,0.0032467532467532,2,1
MIX,TRBJ1-1,27,T,C,0.0032467532467532,2,1
MIX,TRBJ1-1,9,A,T,0.14596026715243937,96,24
MIX,TRBJ1-1,10,T,*,0.1479354364526651,98,24
MIX,TRBJ1-1,10,T,G,0.1479354364526651,98,24
MIX,TRBJ1-1,8,G,T,0.037843586462897295,24,9
MIX,TRBJ1-1,9,T,*,0.037843586462897295,24,9
MIX,TRBJ1-1,9,T,A,0.037843586462897295,24,9
MIX,TRBJ1-1,4,C,T,0.2746208372527989,185,35
MIX,TRBJ1-1,5,T,*,0.2746208372527989,185,35
MIX,TRBJ1-1,5,T,C,0.2746208372527989,185,35
MIX,TRBJ1-1,3,G,G,0.0103161206609481,7,3
MIX,TRBJ1-1,1,G,C,0.06181447062049309,45,12
MIX,TRBJ1-1,2,C,*,0.06181447062049309,45,12
MIX,TRBJ1-1,2,C,A,0.06181447062049309,45,12
MIX,TRBJ1-2,3,A,T,0.4789444099575981,236,38
MIX,TRBJ1-2,4,T,*,0.48416634207248066,238,38
MIX,TRBJ1-2,4,T,T,0.48416634207248066,238,38
MIX,TRBJ1-2,4,C,A,0.2029085359385753,102,24
MIX,TRBJ1-2,5,A,*,0.2029085359385753,102,24
MIX,TRBJ1-2,5,A,A,0.2029085359385753,102,24
MIX,TRBJ1-2,0,A,*,0.410988824076224,225,39
MIX,TRBJ1-2,0,A,T,0.410988824076224,225,39
MIX,TRBJ1-2,9,G,G,0.16211456946695518,85,22
MIX,TRBJ1-2,10,G,*,0.16211456946695518,85,22
MIX,TRBJ1-2,10,G,T,0.16211456946695518,85,22
MIX,TRBJ1-2,7,T,A,0.0893479592238965,39,14
MIX,TRBJ1-2,8,A,*,0.0893479592238965,39,14
MIX,TRBJ1-2,8,A,G,0.0893479592238965,39,14
MIX,TRBJ1-2,43,T,A,0.058556366237969094,27,10
MIX,TRBJ1-2,44,A,*,0.058556366237969094,27,10
MIX,TRBJ1-2,44,A,G,0.058556366237969094,27,10
MIX,TRBJ1-2,45,G,*,0.058556366237969094,27,10
MIX,TRBJ1-2,45,G,A,0.058556366237969094,27,10
MIX,TRBJ1-2,13,C,G,0.0080759452588305,4,2
MIX,TRBJ1-2,14,G,*,0.0080759452588305,4,2
MIX,TRBJ1-2,14,G,C,0.0080759452588305,4,2
MIX,TRBJ1-3,5,G,G,1.338346447792331,371,46
MIX,TRBJ1-3,6,G,*,1.338346447792331,371,46
MIX,TRBJ1-3,6,G,A,1.3300591549746514,369,46
MIX,TRBJ1-3,2,C,G,0.8482720356303325,218,42
MIX,TRBJ1-3,3,G,*,0.8493415543469099,219,42
MIX,TRBJ1-3,3,G,G,0.8493415543469099,219,42
MIX,TRBJ1-3,2,C,A,0.5439811335870883,137,31
MIX,TRBJ1-3,3,A,*,0.549792982947359,140,31
MIX,TRBJ1-3,3,A,G,0.549792982947359,140,31
MIX,TRBJ1-3,1,T,T,0.3161025796538286,81,23
MIX,TRBJ1-3,2,T,*,0.3207754768500901,83,23
MIX,TRBJ1-3,2,T,T,0.3097059911676879,79,23
MIX,TRBJ1-3,0,C,C,0.4822765675625807,147,31
MIX,TRBJ1-3,1,C,*,0.4822765675625807,147,31
MIX,TRBJ1-3,1,C,C,0.4822765675625807,147,31
MIX,TRBJ1-3,6,A,G,0.4456409184311378,136,28
MIX,TRBJ1-3,7,G,*,0.45392821124881727,138,28
MIX,TRBJ1-3,7,G,A,0.45392821124881727,138,28
MIX,TRBJ1-4,6,A,A,0.43420256827419995,138,31
MIX,TRBJ1-4,7,A,*,0.43420256827419995,138,31
MIX,TRBJ1-4,7,A,G,0.43420256827419995,138,31
MIX,TRBJ1-4,2,A,A,0.19102241736896433,65,18
MIX,TRBJ1-4,3,A,*,0.19102241736896433,65,18
MIX,TRBJ1-4,3,A,T,0.19102241736896433,65,18
MIX,TRBJ1-4,0,C,G,0.48697788254501356,145,33
MIX,TRBJ1-4,1,G,*,0.4927305191701334,147,34
MIX,TRBJ1-4,1,G,A,0.4927305191701334,147,34
MIX,TRBJ1-4,1,A,T,0.06999943595140419,22,8
MIX,TRBJ1-4,2,T,*,0.06999943595140419,22,8
MIX,TRBJ1-4,2,T,C,0.06999943595140419,22,8
MIX,TRBJ1-4,3,C,A,0.2083785534712137,67,22
MIX,TRBJ1-4,4,A,*,0.21413119009633347,69,23
MIX,TRBJ1-4,4,A,A,0.21413119009633347,69,23
MIX,TRBJ1-4,3,C,C,0.1729902136066418,61,20
MIX,TRBJ1-4,4,C,*,0.1729902136066418,61,20
MIX,TRBJ1-4,4,C,A,0.1729902136066418,61,20
MIX,TRBJ1-4,6,A,G,0.6299833977445491,210,34
MIX,TRBJ1-4,7,G,*,0.6299833977445491,210,34
MIX,TRBJ1-4,7,G,G,0.6299833977445491,210,34
MIX,TRBJ1-4,10,A,G,0.033762065991797506,10,5
MIX,TRBJ1-4,11,G,*,0.033762065991797506,10,5
MIX,TRBJ1-4,11,G,A,0.033762065991797506,10,5
MIX,TRBJ1-4,9,A,G,0.2586771231405199,85,27
MIX,TRBJ1-4,10,G,*,0.2586771231405199,85,27
MIX,TRBJ1-4,10,G,A,0.2586771231405199,85,27
MIX,TRBJ1-5,4,A,G,0.7577643682508917,329,46
MIX,TRBJ1-5,5,G,*,0.7644033350729247,332,46
MIX,TRBJ1-5,5,G,T,0.7601359097528679,330,46
MIX,TRBJ1-5,3,C,T,0.47555802034930855,201,36
MIX,TRBJ1-5,4,T,*,0.47555802034930855,201,36
MIX,TRBJ1-5,4,T,A,0.47555802034930855,201,36
MIX,TRBJ1-5,2,G,T,0.6913249988479316,301,43
MIX,TRBJ1-5,3,T,*,0.696730331492462,303,43
MIX,TRBJ1-5,3,T,A,0.696730331492462,303,43
MIX,TRBJ1-5,1,A,C,0.2807041912321699,112,29
MIX,TRBJ1-5,2,C,*,0.2807041912321699,112,29
MIX,TRBJ1-5,2,C,C,0.2807041912321699,112,29
MIX,TRBJ1-5,5,A,G,0.18526402911794682,79,22
MIX,TRBJ1-5,6,G,*,0.1895314544380036,81,23
MIX,TRBJ1-5,6,G,C,0.1895314544380036,81,23
MIX,TRBJ1-5,0,C,*,0.14448356450260177,63,19
MIX,TRBJ1-5,0,C,A,0.14448356450260177,63,19
MIX,TRBJ1-5,1,A,T,0.23036057792447528,91,27
MIX,TRBJ1-5,2,T,*,0.23036057792447528,91,27
MIX,TRBJ1-5,2,T,C,0.23036057792447528,91,27
MIX,TRBJ1-5,8,A,A,0.0802840736767949,32,11
MIX,TRBJ1-5,9,A,*,0.0802840736767949,32,11
MIX,TRBJ1-5,9,A,C,0.0802840736767949,32,11
MIX,TRBJ1-5,9,G,G,0.16429601408399047,72,20
MIX,TRBJ1-5,10,G,*,0.16429601408399047,72,20
MIX,TRBJ1-5,10,G,C,0.16429601408399047,72,20
MIX,TRBJ1-5,6,T,G,0.06373759731880509,28,11
MIX,TRBJ1-5,7,G,*,0.06373759731880509,28,11
MIX,TRBJ1-5,7,G,A,0.06373759731880509,28,11
MIX,TRBJ1-6,3,C,A,0.2540149981894137,82,22
MIX,TRBJ1-6,4,A,*,0.2622511679144064,85,22
MIX,TRBJ1-6,4,A,A,0.2622511679144064,85,22
MIX,TRBJ1-6,3,C,G,0.3039206587544428,93,25
MIX,TRBJ1-6,4,G,*,0.31048521017676217,95,26
MIX,TRBJ1-6,4,G,A,0.31048521017676217,95,26
MIX,TRBJ1-6,5,A,C,0.318325762776788,99,27
MIX,TRBJ1-6,6,C,*,0.318325762776788,99,27
MIX,TRBJ1-6,6,C,A,0.318325762776788,99,27
MIX,TRBJ1-6,8,A,A,0.2779236042171773,86,22
MIX,TRBJ1-6,9,A,*,0.2779236042171773,86,22
MIX,TRBJ1-6,9,A,T,0.2779236042171773,86,22
MIX,TRBJ1-6,11,C,T,0.0415390730678398,13,5
MIX,TRBJ1-6,12,T,*,0.0415390730678398,13,5
MIX,TRBJ1-6,12,T,C,0.0415390730678398,13,5
MIX,TRBJ1-6,10,T,T,0.0271365672234195,7,3
MIX,TRBJ1-6,11,T,*,0.0271365672234195,7,3
MIX,TRBJ1-6,11,T,A,0.0271365672234195,7,3
MIX,TRBJ1-6,6,T,T,0.2123322905743216,65,19
MIX,TRBJ1-6,7,T,*,0.2123322905743216,65,19
MIX,TRBJ1-6,7,T,A,0.2123322905743216,65,19
MIX,TRBJ1-6,0,G,*,0.09212154100592371,30,10
MIX,TRBJ1-6,0,G,T,0.09212154100592371,30,10
MIX,TRBJ1-6,2,C,A,0.029745929392906503,9,4
MIX,TRBJ1-6,3,A,*,0.029745929392906503,9,4
MIX,TRBJ1-6,3,A,T,0.029745929392906503,9,4
MIX,TRBJ1-6,8,A,G,0.1945535445871425,56,17
MIX,TRBJ1-6,9,G,*,0.1945535445871425,56,17
MIX,TRBJ1-6,9,G,T,0.1945535445871425,56,17
MIX,TRBJ1-6,51,A,C,0.0070257611241217,2,1
MIX,TRBJ1-6,6,T,G,0.12939231123994308,42,15
MIX,TRBJ1-6,7,G,*,0.12939231123994308,42,15
MIX,TRBJ1-6,7,G,A,0.12939231123994308,42,15
MIX,TRBJ2-1,0,A,*,0.47186976980391143,452,43
MIX,TRBJ2-1,0,A,T,0.40718739725594677,382,43
MIX,TRBJ2-1,2,C,A,0.5316001773150353,497,47
MIX,TRBJ2-1,3,A,*,0.5503710350964299,517,47
MIX,TRBJ2-1,3,A,T,0.5363344291773431,505,47
MIX,TRBJ2-1,11,A,A,0.2050978634289053,188,34
MIX,TRBJ2-1,12,A,*,0.2050978634289053,188,34
MIX,TRBJ2-1,12,A,C,0.2050978634289053,188,34
MIX,TRBJ2-1,0,G,G,0.2803361738829157,295,29
MIX,TRBJ2-1,13,C,G,0.20570570003482158,197,34
MIX,TRBJ2-1,14,G,*,0.2075700657253978,200,34
MIX,TRBJ2-1,14,G,G,0.2075700657253978,200,34
MIX,TRBJ2-1,7,A,C,0.4385285516612848,437,44
MIX,TRBJ2-1,8,C,*,0.44053736744692534,440,44
MIX,TRBJ2-1,8,C,T,0.44053736744692534,440,44
MIX,TRBJ2-1,9,T,A,0.07443797699014901,72,18
MIX,TRBJ2-1,10,A,*,0.07443797699014901,72,18
MIX,TRBJ2-1,10,A,A,0.07443797699014901,72,18
MIX,TRBJ2-1,2,T,A,0.018770857781394902,20,6
MIX,TRBJ2-1,15,G,C,0.02056053309063,21,7
MIX,TRBJ2-1,16,C,*,0.02056053309063,21,7
MIX,TRBJ2-1,16,C,T,0.02056053309063,21,7
MIX,TRBJ2-1,14,A,T,0.048636306455153995,49,16
MIX,TRBJ2-1,15,T,*,0.048636306455153995,49,16
MIX,TRBJ2-1,15,T,T,0.048636306455153995,49,16
MIX,TRBJ2-1,11,A,T,0.07884641930819804,76,19
MIX,TRBJ2-1,12,T,*,0.08113737005275701,78,19
MIX,TRBJ2-1,12,T,C,0.08113737005275701,78,19
MIX,TRBJ2-1,7,A,T,0.21412814999668314,191,39
MIX,TRBJ2-1,8,T,*,0.21412814999668314,191,39
MIX,TRBJ2-1,8,T,T,0.21412814999668314,191,39
MIX,TRBJ2-1,2,T,T,0.0350269367549567,35,12
MIX,TRBJ2-1,0,A,C,0.012182693950455,14,3
MIX,TRBJ2-1,15,G,G,0.0090487816650179,7,3
MIX,TRBJ2-1,16,G,*,0.0090487816650179,7,3
MIX,TRBJ2-1,16,G,T,0.0090487816650179,7,3
MIX,TRBJ2-1,25,C,T,0.0063688729259159995,7,3
MIX,TRBJ2-1,26,T,*,0.0063688729259159995,7,3
MIX,TRBJ2-1,26,T,A,0.0063688729259159995,7,3
MIX,TRBJ2-1,0,G,A,0.08098154831410251,80,19
MIX,TRBJ2-2,3,A,A,0.42040998742652,290,40
MIX,TRBJ2-2,4,A,*,0.45658111698875564,311,41
MIX,TRBJ2-2,4,A,A,0.45658111698875564,311,41
MIX,TRBJ2-2,3,A,G,0.5125879686642091,354,45
MIX,TRBJ2-2,4,G,*,0.5660497662218438,390,45
MIX,TRBJ2-2,4,G,A,0.5660497662218438,390,45
MIX,TRBJ2-2,4,C,T,0.23033234431631913,169,33
MIX,TRBJ2-2,5,T,*,0.23956890233355774,176,33
MIX,TRBJ2-2,5,T,C,0.23956890233355774,176,33
MIX,TRBJ2-2,3,A,T,0.468204570408064,322,42
MIX,TRBJ2-2,4,T,*,0.47384943013415853,327,42
MIX,TRBJ2-2,4,T,A,0.47384943013415853,327,42
MIX,TRBJ2-2,7,C,C,0.35101777944925217,227,38
MIX,TRBJ2-2,8,C,*,0.35101777944925217,227,38
MIX,TRBJ2-2,8,C,G,0.35101777944925217,227,38
MIX,TRBJ2-2,6,C,G,0.21560638855494507,140,32
MIX,TRBJ2-2,7,G,*,0.21698748249019648,142,32
MIX,TRBJ2-2,7,G,G,0.21698748249019648,142,32
MIX,TRBJ2-2,16,G,-,0.1413716442776045,104,24
MIX,TRBJ2-2,17,-,*,0.1413716442776045,104,24
MIX,TRBJ2-2,17,-,T,0.1413716442776045,104,24
MIX,TRBJ2-2,11,G,G,0.10607743554411048,77,22
MIX,TRBJ2-2,12,G,*,0.10607743554411048,77,22
MIX,TRBJ2-2,12,G,G,0.10607743554411048,77,22
MIX,TRBJ2-2,6,C,A,0.115010345891972,77,22
MIX,TRBJ2-2,7,A,*,0.115010345891972,77,22
MIX,TRBJ2-2,7,A,G,0.115010345891972,77,22
MIX,TRBJ2-2,7,C,A,0.12069047860353238,87,22
MIX,TRBJ2-2,8,A,*,0.12069047860353238,87,22
MIX,TRBJ2-2,8,A,G,0.12069047860353238,87,22
MIX,TRBJ2-2,8,G,A,0.0934572481709936,66,16
MIX,TRBJ2-2,9,A,*,0.0934572481709936,66,16
MIX,TRBJ2-2,9,A,G,0.0934572481709936,66,16
MIX,TRBJ2-2,15,T,T,0.044185053866529794,34,9
MIX,TRBJ2-2,16,T,*,0.044185053866529794,34,9
MIX,TRBJ2-2,16,T,T,0.044185053866529794,34,9
MIX,TRBJ2-2,5,A,T,0.4086074691412631,275,43
MIX,TRBJ2-2,6,T,*,0.4086074691412631,275,43
MIX,TRBJ2-2,6,T,C,0.4086074691412631,275,43
MIX,TRBJ2-2,3,G,G,0.0534617975576345,36,14
MIX,TRBJ2-2,2,G,G,0.12078489599729159,86,23
MIX,TRBJ2-2,25,A,A,0.0126457061379692,9,4
MIX,TRBJ2-2,26,A,*,0.0126457061379692,9,4
MIX,TRBJ2-2,26,A,A,0.0126457061379692,9,4
MIX,TRBJ2-2,43,C,C,0.0032275416890801,2,1
MIX,TRBJ2-2,44,C,*,0.0032275416890801,2,1
MIX,TRBJ2-2,44,C,T,0.0032275416890801,2,1
MIX,TRBJ2-2,15,T,-,0.0265672221972136,15,7
MIX,TRBJ2-2,16,-,*,0.0312307798254614,18,8
MIX,TRBJ2-2,16,-,T,0.0312307798254614,18,8
MIX,TRBJ2-2,1,G,C,0.20879255516613923,137,32
MIX,TRBJ2-2,2,C,*,0.20879255516613923,137,32
MIX,TRBJ2-2,2,C,A,0.20879255516613923,137,32
MIX,TRBJ2-2,0,T,*,0.32950983833617437,231,40
MIX,TRBJ2-2,0,T,G,0.32950983833617437,231,40
MIX,TRBJ2-3,0,A,T,0.6404681943139428,506,48
MIX,TRBJ2-3,1,T,*,0.6438862242675334,509,48
MIX,TRBJ2-3,1,T,C,0.6408528572301219,507,48
MIX,TRBJ2-3,7,A,A,0.1740760047094611,133,32
MIX,TRBJ2-3,8,A,*,0.17738206967454534,137,32
MIX,TRBJ2-3,8,A,A,0.17738206967454534,137,32
MIX,TRBJ2-3,7,A,C,0.27777960522216066,215,38
MIX,TRBJ2-3,8,C,*,0.27777960522216066,215,38
MIX,TRBJ2-3,8,C,A,0.27777960522216066,215,38
MIX,TRBJ2-3,4,C,C,0.4578036037175708,376,41
MIX,TRBJ2-3,5,C,*,0.4581116557783691,377,41
MIX,TRBJ2-3,5,C,G,0.4581116557783691,377,41
MIX,TRBJ2-3,7,A,G,0.2695784889514097,210,39
MIX,TRBJ2-3,8,G,*,0.27779094656929537,217,40
MIX,TRBJ2-3,8,G,A,0.2752388410822687,215,39
MIX,TRBJ2-3,5,A,C,0.09713094799877192,80,22
MIX,TRBJ2-3,6,C,*,0.09713094799877192,80,22
MIX,TRBJ2-3,6,C,A,0.09491937409534401,77,22
MIX,TRBJ2-3,9,A,T,0.03577229416458069,25,10
MIX,TRBJ2-3,10,T,*,0.03577229416458069,25,10
MIX,TRBJ2-3,10,T,G,0.03577229416458069,25,10
MIX,TRBJ2-3,0,C,*,0.5182814988283896,395,47
MIX,TRBJ2-3,0,C,G,0.5182814988283896,395,47
MIX,TRBJ2-3,4,C,T,0.2006898479346485,162,35
MIX,TRBJ2-3,5,T,*,0.2058300958146223,166,35
MIX,TRBJ2-3,5,T,G,0.2058300958146223,166,35
MIX,TRBJ2-3,2,G,G,0.0499809479542915,36,14
MIX,TRBJ2-3,0,T,*,0.014486630843155901,11,5
MIX,TRBJ2-3,0,T,G,0.011634919816540001,9,4
MIX,TRBJ2-4,6,A,G,0.2681348502086767,72,20
MIX,TRBJ2-4,7,G,*,0.2681348502086767,72,20
MIX,TRBJ2-4,7,G,A,0.26254305151342977,70,20
MIX,TRBJ2-4,2,C,T,0.1415059153128822,41,14
MIX,TRBJ2-4,3,T,*,0.1415059153128822,41,14
MIX,TRBJ2-4,3,T,A,0.1415059153128822,41,14
MIX,TRBJ2-4,0,A,A,0.17384752300406559,55,16
MIX,TRBJ2-4,1,A,*,0.17384752300406559,55,16
MIX,TRBJ2-4,1,A,C,0.17384752300406559,55,16
MIX,TRBJ2-4,7,A,G,0.19407949167256558,54,17
MIX,TRBJ2-4,8,G,*,0.19967129036781248,56,17
MIX,TRBJ2-4,8,G,C,0.19967129036781248,56,17
MIX,TRBJ2-4,5,A,G,0.1491084054562284,45,15
MIX,TRBJ2-4,6,G,*,0.15678103972732807,47,16
MIX,TRBJ2-4,6,G,A,0.15678103972732807,47,16
MIX,TRBJ2-4,3,C,G,0.4346050872423243,120,31
MIX,TRBJ2-4,4,G,*,0.46968871194554285,134,31
MIX,TRBJ2-4,4,G,A,0.46968871194554285,134,31
MIX,TRBJ2-5,2,C,C,1.2006878722213394,813,50
MIX,TRBJ2-5,3,C,*,1.2006878722213394,813,50
MIX,TRBJ2-5,3,C,A,1.2006878722213394,813,50
MIX,TRBJ2-5,1,C,G,0.515629740679843,334,40
MIX,TRBJ2-5,2,G,*,0.5203364780019935,339,40
MIX,TRBJ2-5,2,G,A,0.4991945427166369,325,40
MIX,TRBJ2-5,1,C,A,0.4049226300148901,249,40
MIX,TRBJ2-5,2,A,*,0.40568250843434295,250,40
MIX,TRBJ2-5,2,A,A,0.40229459200294837,248,40
MIX,TRBJ2-5,4,A,A,0.4121369523308726,271,38
MIX,TRBJ2-5,5,A,*,0.4121369523308726,271,38
MIX,TRBJ2-5,5,A,A,0.4121369523308726,271,38
MIX,TRBJ2-5,7,G,G,0.5486641800945512,358,41
MIX,TRBJ2-5,8,G,*,0.5486641800945512,358,41
MIX,TRBJ2-5,8,G,C,0.5486641800945512,358,41
MIX,TRBJ2-5,3,A,C,0.38459192332604614,251,41
MIX,TRBJ2-5,4,C,*,0.38459192332604614,251,41
MIX,TRBJ2-5,4,C,G,0.38459192332604614,251,41
MIX,TRBJ2-5,6,A,A,0.2288657100736246,145,31
MIX,TRBJ2-5,7,A,*,0.2351887714946002,149,31
MIX,TRBJ2-5,7,A,A,0.2351887714946002,149,31
MIX,TRBJ2-5,5,G,C,0.16500742028578577,104,30
MIX,TRBJ2-5,6,C,*,0.16500742028578577,104,30
MIX,TRBJ2-5,6,C,G,0.16500742028578577,104,30
MIX,TRBJ2-5,3,A,T,0.18275105431830516,125,27
MIX,TRBJ2-5,4,T,*,0.18446534003259088,126,27
MIX,TRBJ2-5,4,T,G,0.17990606951587357,124,26
MIX,TRBJ2-5,6,A,C,0.06082272955616639,36,15
MIX,TRBJ2-5,7,C,*,0.06082272955616639,36,15
MIX,TRBJ2-5,7,C,A,0.06082272955616639,36,15
MIX,TRBJ2-5,25,A,A,0.0071502678439093,4,2
MIX,TRBJ2-5,26,A,*,0.0071502678439093,4,2
MIX,TRBJ2-5,26,A,G,0.0071502678439093,4,2
MIX,TRBJ2-5,39,T,-,0.046550842186534595,21,8
MIX,TRBJ2-5,40,-,*,0.05746022488517919,27,10
MIX,TRBJ2-5,40,-,G,0.0439238719588639,19,8
MIX,TRBJ2-5,3,G,G,0.0347318080674618,25,8
MIX,TRBJ2-6,0,C,G,0.8144391649974964,219,41
MIX,TRBJ2-6,1,G,*,0.8225913389105398,221,41
MIX,TRBJ2-6,1,G,C,0.8225913389105398,221,41
MIX,TRBJ2-6,0,G,*,0.8009990897109903,215,41
MIX,TRBJ2-6,0,G,T,0.792846915797947,213,41
MIX,TRBJ2-6,0,A,*,0.4451911572175145,109,29
MIX,TRBJ2-6,0,A,T,0.4316913897215834,105,29
MIX,TRBJ2-6,0,C,A,0.3732697283662172,108,24
MIX,TRBJ2-6,1,A,*,0.38825759110024344,113,24
MIX,TRBJ2-6,1,A,C,0.38825759110024344,113,24
MIX,TRBJ2-6,2,C,A,0.5380206046399657,145,32
MIX,TRBJ2-6,3,A,*,0.5380206046399657,145,32
MIX,TRBJ2-6,3,A,G,0.5380206046399657,145,32
MIX,TRBJ2-6,2,C,G,0.6169170804092117,161,34
MIX,TRBJ2-6,3,G,*,0.6169170804092117,161,34
MIX,TRBJ2-6,3,G,G,0.6169170804092117,161,34
MIX,TRBJ2-7,2,C,A,0.4541961402184151,467,42
MIX,TRBJ2-7,3,A,*,0.46033142899794754,473,42
MIX,TRBJ2-7,3,A,T,0.46033142899794754,473,42
MIX,TRBJ2-7,4,T,T,0.5108823260151185,482,46
MIX,TRBJ2-7,5,T,*,0.5297748575094183,501,46
MIX,TRBJ2-7,5,T,C,0.5297748575094183,501,46
MIX,TRBJ2-7,5,A,T,0.2728259839749929,259,41
MIX,TRBJ2-7,6,T,*,0.2728259839749929,259,41
MIX,TRBJ2-7,6,T,G,0.2728259839749929,259,41
MIX,TRBJ2-7,45,A,C,0.09237645900422002,86,22
MIX,TRBJ2-7,8,A,A,0.1624156180786128,162,34
MIX,TRBJ2-7,9,A,*,0.1624156180786128,162,34
MIX,TRBJ2-7,9,A,C,0.1624156180786128,162,34
MIX,TRBJ2-7,7,G,C,0.0777944024567664,79,20
MIX,TRBJ2-7,8,C,*,0.0777944024567664,79,20
MIX,TRBJ2-7,8,C,G,0.0777944024567664,79,20
MIX,TRBJ2-7,0,A,C,0.054002370776062195,51,14
MIX,TRBJ2-7,6,C,A,0.0825676188119964,82,22
MIX,TRBJ2-7,7,A,*,0.0825676188119964,82,22
MIX,TRBJ2-7,7,A,A,0.0825676188119964,82,22
MIX,TRBJ2-7,11,A,A,0.0046574845000255,4,2
MIX,TRBJ2-7,12,A,*,0.0046574845000255,4,2
MIX,TRBJ2-7,12,A,T,0.0046574845000255,4,2
MIX,TRBJ2-7,10,C,G,0.0954428031314924,89,24
MIX,TRBJ2-7,11,G,*,0.0954428031314924,89,24
MIX,TRBJ2-7,11,G,G,0.0954428031314924,89,24
MIX,TRBJ2-7,7,G,T,0.09642718220543589,88,24
MIX,TRBJ2-7,8,T,*,0.09642718220543589,88,24
MIX,TRBJ2-7,8,T,G,0.09642718220543589,88,24
MIX,TRBJ2-7,4,T,G,0.07072663960723709,70,19
MIX,TRBJ2-7,5,G,*,0.1068320742953697,107,22
MIX,TRBJ2-7,5,G,C,0.09410970147519679,92,21
MIX,TRBJ2-7,0,T,C,0.08280888246428472,94,19
MIX,TRBJ2-4,1,G,T,0.24027301163801465,62,19
MIX,TRBJ2-4,2,T,*,0.24027301163801465,62,19
MIX,TRBJ2-4,2,T,C,0.24027301163801465,62,19
MIX,TRBJ2-7,37,A,T,0.05470304250680339,53,16
MIX,TRBJ2-7,38,T,*,0.05470304250680339,53,16
MIX,TRBJ2-7,38,T,G,0.05470304250680339,53,16
MIX,TRBJ1-2,3,A,A,0.21295726996429962,115,26
MIX,TRBJ1-2,4,A,*,0.21295726996429962,115,26
MIX,TRBJ1-2,4,A,T,0.21295726996429962,115,26
MIX,TRBJ2-1,13,C,T,0.08689118448030679,78,22
MIX,TRBJ2-1,14,T,*,0.08689118448030679,78,22
MIX,TRBJ2-1,14,T,G,0.08689118448030679,78,22
MIX,TRBJ2-1,12,G,T,0.024789272857744,24,8
MIX,TRBJ2-1,13,T,*,0.024789272857744,24,8
MIX,TRBJ2-1,13,T,A,0.024789272857744,24,8
MIX,TRBJ2-4,4,A,G,0.2908104832248395,83,21
MIX,TRBJ2-4,5,G,*,0.2908104832248395,83,21
MIX,TRBJ2-4,5,G,A,0.2831378489537398,81,20
MIX,TRBJ2-5,8,A,A,0.05169456404016419,25,11
MIX,TRBJ2-5,9,A,*,0.05169456404016419,25,11
MIX,TRBJ2-5,9,A,C,0.05169456404016419,25,11
MIX,TRBJ2-5,7,G,T,0.0375298415669178,22,9
MIX,TRBJ2-5,8,T,*,0.0375298415669178,22,9
MIX,TRBJ2-5,8,T,C,0.0375298415669178,22,9
MIX,TRBJ1-5,4,A,C,0.21218487681937945,91,24
MIX,TRBJ1-5,5,C,*,0.21218487681937945,91,24
MIX,TRBJ1-5,5,C,T,0.2090517175504499,89,24
MIX,TRBJ1-6,11,C,G,0.1098786134937966,38,12
MIX,TRBJ1-6,12,G,*,0.1098786134937966,38,12
MIX,TRBJ1-6,12,G,C,0.1098786134937966,38,12
MIX,TRBJ2-1,13,C,C,0.12271052734565732,112,25
MIX,TRBJ2-1,14,C,*,0.12271052734565732,112,25
MIX,TRBJ2-1,14,C,G,0.12271052734565732,112,25
MIX,TRBJ2-3,9,A,G,0.0331531498545587,24,9
MIX,TRBJ2-3,10,G,*,0.036010292711701496,26,10
MIX,TRBJ2-3,10,G,G,0.036010292711701496,26,10
MIX,TRBJ2-3,5,A,T,0.1791181965273586,132,30
MIX,TRBJ2-3,6,T,*,0.1791181965273586,132,30
MIX,TRBJ2-3,6,T,A,0.1791181965273586,132,30
MIX,TRBJ2-5,10,C,A,0.0078843626806833,2,1
MIX,TRBJ2-5,11,A,*,0.0078843626806833,2,1
MIX,TRBJ2-5,11,A,A,0.0078843626806833,2,1
MIX,TRBJ2-5,8,A,G,0.07058529669906549,49,15
MIX,TRBJ2-5,9,G,*,0.07058529669906549,49,15
MIX,TRBJ2-5,9,G,C,0.07058529669906549,49,15
MIX,TRBJ1-1,45,T,G,0.019298393368876402,12,6
MIX,TRBJ1-1,46,G,*,0.019298393368876402,12,6
MIX,TRBJ1-1,46,G,T,0.008185542690033899,4,2
MIX,TRBJ1-2,24,C,-,0.0483159390617741,25,8
MIX,TRBJ1-2,25,-,*,0.0483159390617741,25,8
MIX,TRBJ1-2,25,-,G,0.0483159390617741,25,8
MIX,TRBJ1-2,42,T,-,0.029535954592267898,15,7
MIX,TRBJ1-2,43,-,*,0.029535954592267898,15,7
MIX,TRBJ1-2,43,-,-,0.029535954592267898,15,7
MIX,TRBJ1-2,44,-,*,0.029535954592267898,15,7
MIX,TRBJ1-2,44,-,T,0.029535954592267898,15,7
MIX,TRBJ1-2,14,A,G,0.0049586776859504,2,1
MIX,TRBJ1-2,15,G,*,0.0049586776859504,2,1
MIX,TRBJ1-2,15,G,C,0.0049586776859504,2,1
MIX,TRBJ1-3,5,G,T,0.0979241800662737,31,10
MIX,TRBJ1-3,6,T,*,0.0979241800662737,31,10
MIX,TRBJ1-3,6,T,A,0.0979241800662737,31,10
MIX,TRBJ1-4,16,G,TT,0.7703364433040799,247,40
MIX,TRBJ1-4,17,TT,*,0.7703364433040799,247,40
MIX,TRBJ1-4,17,TT,T,0.7703364433040799,247,40
MIX,TRBJ1-4,3,C,G,0.22675875012484156,79,21
MIX,TRBJ1-4,4,G,*,0.22675875012484156,79,21
MIX,TRBJ1-4,4,G,A,0.22675875012484156,79,21
MIX,TRBJ1-4,5,A,C,0.15826949414170322,51,17
MIX,TRBJ1-4,6,C,*,0.15826949414170322,51,17
MIX,TRBJ1-4,6,C,T,0.15826949414170322,51,17
MIX,TRBJ1-4,1,A,C,0.0745999014015272,23,9
MIX,TRBJ1-4,2,C,*,0.0745999014015272,23,9
MIX,TRBJ1-4,2,C,C,0.0745999014015272,23,9
MIX,TRBJ1-5,4,A,T,0.0911182513679447,42,12
MIX,TRBJ1-5,5,T,*,0.0911182513679447,42,12
MIX,TRBJ1-5,5,T,T,0.0911182513679447,42,12
MIX,TRBJ1-6,3,C,C,0.1293685794523031,41,12
MIX,TRBJ1-6,4,C,*,0.1293685794523031,41,12
MIX,TRBJ1-6,4,C,A,0.1293685794523031,41,12
MIX,TRBJ1-6,14,C,G,0.0095541401273885,2,1
MIX,TRBJ1-6,15,G,*,0.0095541401273885,2,1
MIX,TRBJ1-6,15,G,C,0.0095541401273885,2,1
MIX,TRBJ1-6,4,T,T,0.19908429004164147,68,18
MIX,TRBJ1-6,5,T,*,0.20187997396104218,70,18
MIX,TRBJ1-6,5,T,T,0.20187997396104218,70,18
MIX,TRBJ2-1,11,A,C,0.0799729340498395,75,22
MIX,TRBJ2-1,12,C,*,0.0799729340498395,75,22
MIX,TRBJ2-1,12,C,C,0.0799729340498395,75,22
MIX,TRBJ2-1,37,C,C,0.0059963431910788,7,3
MIX,TRBJ2-1,38,C,*,0.0059963431910788,7,3
MIX,TRBJ2-1,38,C,C,0.0059963431910788,7,3
MIX,TRBJ2-1,10,G,C,0.0627843204482737,51,16
MIX,TRBJ2-1,11,C,*,0.0627843204482737,51,16
MIX,TRBJ2-1,11,C,G,0.0627843204482737,51,16
MIX,TRBJ2-1,10,G,T,0.0959762333526443,89,23
MIX,TRBJ2-1,11,T,*,0.0959762333526443,89,23
MIX,TRBJ2-1,11,T,G,0.0959762333526443,89,23
MIX,TRBJ2-1,3,A,C,0.0025412960609911,2,1
MIX,TRBJ2-1,28,G,A,0.0025412960609911,2,1
MIX,TRBJ2-1,29,A,*,0.0025412960609911,2,1
MIX,TRBJ2-1,29,A,G,0.0025412960609911,2,1
MIX,TRBJ2-1,44,T,T,0.0089352026033336,6,3
MIX,TRBJ2-1,45,T,*,0.0089352026033336,6,3
MIX,TRBJ2-1,45,T,C,0.0089352026033336,6,3
MIX,TRBJ2-1,3,G,G,0.0102138880411481,8,3
MIX,TRBJ2-1,3,T,G,0.0025412960609911,2,1
MIX,TRBJ2-2,10,G,C,0.0131191461418983,9,4
MIX,TRBJ2-2,11,C,*,0.0131191461418983,9,4
MIX,TRBJ2-2,11,C,A,0.0131191461418983,9,4
MIX,TRBJ2-2,35,A,-,0.0038436899423446,2,1
MIX,TRBJ2-2,36,-,*,0.0038436899423446,2,1
MIX,TRBJ2-2,36,-,G,0.0038436899423446,2,1
MIX,TRBJ2-3,13,A,T,0.0334025512019414,22,10
MIX,TRBJ2-3,14,T,*,0.0334025512019414,22,10
MIX,TRBJ2-3,14,T,T,0.0334025512019414,22,10
MIX,TRBJ2-4,2,C,A,0.07125870247293072,22,8
MIX,TRBJ2-4,3,A,*,0.07125870247293072,22,8
MIX,TRBJ2-4,3,A,A,0.0656669037776838,19,8
MIX,TRBJ2-4,10,A,C,0.030069484279155498,6,3
MIX,TRBJ2-4,11,C,*,0.030069484279155498,6,3
MIX,TRBJ2-4,11,C,T,0.030069484279155498,6,3
MIX,TRBJ2-5,5,G,T,0.15369273620401053,97,24
MIX,TRBJ2-5,6,T,*,0.15369273620401053,97,24
MIX,TRBJ2-5,6,T,G,0.15369273620401053,97,24
MIX,TRBJ2-7,21,G,T,0.0383605646493617,37,12
MIX,TRBJ2-7,22,T,*,0.0383605646493617,37,12
MIX,TRBJ2-7,22,T,C,0.0383605646493617,37,12
MIX,TRBJ2-7,5,A,G,0.0048400188196081,4,2
MIX,TRBJ2-7,6,G,*,0.017562391639781,19,8
MIX,TRBJ2-7,6,G,G,0.017562391639781,19,8
MIX,TRBJ2-7,6,C,C,0.0735365466915305,67,21
MIX,TRBJ2-7,7,C,*,0.0735365466915305,67,21
MIX,TRBJ2-7,7,C,A,0.0735365466915305,67,21
MIX,TRBJ2-7,12,G,C,0.029096960603487904,27,12
MIX,TRBJ2-7,13,C,*,0.029096960603487904,27,12
MIX,TRBJ2-7,13,C,A,0.029096960603487904,27,12
MIX,TRBJ2-7,12,G,G,0.0158244561164818,14,7
MIX,TRBJ2-7,13,G,*,0.0158244561164818,14,7
MIX,TRBJ2-7,13,G,A,0.0158244561164818,14,7
MIX,TRBJ2-7,31,A,A,0.0073019780016502,6,3
MIX,TRBJ2-7,32,A,*,0.0073019780016502,6,3
MIX,TRBJ2-7,32,A,G,0.0073019780016502,6,3
MIX,TRBJ2-7,41,T,T,0.014275079822931299,14,5
MIX,TRBJ2-7,42,T,*,0.014275079822931299,14,5
MIX,TRBJ2-7,42,T,A,0.014275079822931299,14,5
MIX,TRBJ2-7,26,G,T,0.021211607088649297,18,8
MIX,TRBJ2-7,27,T,*,0.021211607088649297,18,8
MIX,TRBJ2-7,27,T,A,0.021211607088649297,18,8
MIX,TRBJ2-7,9,G,G,0.0778032794485422,82,23
MIX,TRBJ2-7,10,G,*,0.0778032794485422,82,23
MIX,TRBJ2-7,10,G,A,0.0778032794485422,82,23
MIX,TRBJ1-1,11,G,T,0.0459748421302369,32,10
MIX,TRBJ1-1,12,T,*,0.0459748421302369,32,10
MIX,TRBJ1-1,12,T,T,0.0459748421302369,32,10
MIX,TRBJ1-1,10,A,C,0.009766467248538899,9,3
MIX,TRBJ1-1,11,C,*,0.009766467248538899,9,3
MIX,TRBJ1-1,11,C,C,0.009766467248538899,9,3
MIX,TRBJ1-1,13,T,C,0.007498434749737099,6,2
MIX,TRBJ1-1,14,C,*,0.007498434749737099,6,2
MIX,TRBJ1-1,14,C,T,0.007498434749737099,6,2
MIX,TRBJ1-1,39,C,G,0.009175812405691,7,3
MIX,TRBJ1-1,40,G,*,0.009175812405691,7,3
MIX,TRBJ1-1,40,G,G,0.009175812405691,7,3
MIX,TRBJ1-1,21,G,G,0.0028735632183907994,3,1
MIX,TRBJ1-1,22,G,*,0.0028735632183907994,3,1
MIX,TRBJ1-1,22,G,C,0.0028735632183907994,3,1
MIX,TRBJ1-1,2,G,G,0.0269357190973957,19,7
MIX,TRBJ1-1,16,C,C,0.027064650845930804,21,8
MIX,TRBJ1-1,17,C,*,0.027064650845930804,21,8
MIX,TRBJ1-1,17,C,T,0.027064650845930804,21,8
MIX,TRBJ1-1,18,T,C,0.0084802602345799,4,2
MIX,TRBJ1-1,19,C,*,0.0084802602345799,4,2
MIX,TRBJ1-1,19,C,G,0.0084802602345799,4,2
MIX,TRBJ1-1,46,G,G,0.0111128506788425,8,4
MIX,TRBJ1-1,38,A,T,0.0079480602991573,6,3
MIX,TRBJ1-1,39,T,*,0.0079480602991573,6,3
MIX,TRBJ1-1,39,T,A,0.0079480602991573,6,3
MIX,TRBJ1-1,31,C,G,0.0019157088122605,2,1
MIX,TRBJ1-1,32,G,*,0.0019157088122605,2,1
MIX,TRBJ1-1,32,G,G,0.0019157088122605,2,1
MIX,TRBJ1-1,27,G,T,0.0159535371432585,10,5
MIX,TRBJ1-1,28,T,*,0.0159535371432585,10,5
MIX,TRBJ1-1,28,T,A,0.0159535371432585,10,5
MIX,TRBJ1-1,24,A,G,0.0082474675989042,6,3
MIX,TRBJ1-1,25,G,*,0.0082474675989042,6,3
MIX,TRBJ1-1,25,G,G,0.0082474675989042,6,3
MIX,TRBJ1-1,22,A,T,0.0019157088122605,2,1
MIX,TRBJ1-1,23,T,*,0.0019157088122605,2,1
MIX,TRBJ1-1,23,T,A,0.0019157088122605,2,1
MIX,TRBJ1-2,0,G,*,0.06407070948954441,35,12
MIX,TRBJ1-2,0,G,T,0.0596783229595298,33,11
MIX,TRBJ1-2,9,G,A,0.0778649355466383,41,14
MIX,TRBJ1-2,10,A,*,0.0778649355466383,41,14
MIX,TRBJ1-2,10,A,T,0.0778649355466383,41,14
MIX,TRBJ1-2,16,C,-,0.0043206913106096,3,1
MIX,TRBJ1-2,17,-,*,0.0043206913106096,3,1
MIX,TRBJ1-2,17,-,T,0.0043206913106096,3,1
MIX,TRBJ1-2,40,C,A,0.0028804608737397,2,1
MIX,TRBJ1-2,41,A,*,0.0028804608737397,2,1
MIX,TRBJ1-2,41,A,T,0.0028804608737397,2,1
MIX,TRBJ1-2,40,C,T,0.012032941407923901,6,3
MIX,TRBJ1-2,41,T,*,0.012032941407923901,6,3
MIX,TRBJ1-2,41,T,T,0.012032941407923901,6,3
MIX,TRBJ1-2,20,G,T,0.0107307684608893,7,3
MIX,TRBJ1-2,21,T,*,0.0157601062647451,10,4
MIX,TRBJ1-2,21,T,T,0.0157601062647451,10,4
MIX,TRBJ1-3,0,C,A,0.2967124006286911,92,24
MIX,TRBJ1-3,1,A,*,0.2967124006286911,92,24
MIX,TRBJ1-3,1,A,C,0.2967124006286911,92,24
MIX,TRBJ1-3,5,G,C,0.184758767834984,51,14
MIX,TRBJ1-3,6,C,*,0.184758767834984,51,14
MIX,TRBJ1-3,6,C,A,0.184758767834984,51,14
MIX,TRBJ1-3,0,T,*,0.39443877748761497,111,27
MIX,TRBJ1-3,0,T,T,0.39443877748761497,111,27
MIX,TRBJ1-3,0,A,*,0.27751352232081267,109,24
MIX,TRBJ1-3,0,A,T,0.27751352232081267,109,24
MIX,TRBJ1-3,1,T,A,0.1041573273976144,28,11
MIX,TRBJ1-3,2,A,*,0.1041573273976144,28,11
MIX,TRBJ1-3,2,A,T,0.1041573273976144,28,11
MIX,TRBJ1-3,12,C,-,0.0819059841643611,23,9
MIX,TRBJ1-3,13,-,*,0.0819059841643611,23,9
MIX,TRBJ1-3,13,-,-,0.0819059841643611,23,9
MIX,TRBJ1-3,14,-,*,0.0819059841643611,23,9
MIX,TRBJ1-3,14,-,A,0.0819059841643611,23,9
MIX,TRBJ1-4,5,A,T,0.0500034807146961,21,6
MIX,TRBJ1-4,6,T,*,0.0500034807146961,21,6
MIX,TRBJ1-4,6,T,T,0.0500034807146961,21,6
MIX,TRBJ1-4,4,T,G,0.20182956743658179,64,19
MIX,TRBJ1-4,5,G,*,0.20182956743658179,64,19
MIX,TRBJ1-4,5,G,A,0.20182956743658179,64,19
MIX,TRBJ1-4,16,G,-,0.10474117804058959,34,12
MIX,TRBJ1-4,17,-,*,0.10474117804058959,34,12
MIX,TRBJ1-4,17,-,T,0.10037754167695327,32,12
MIX,TRBJ1-4,0,C,C,0.15565594357956888,47,18
MIX,TRBJ1-4,1,C,*,0.15565594357956888,47,18
MIX,TRBJ1-4,1,C,A,0.15565594357956888,47,18
MIX,TRBJ1-4,0,C,T,0.09129337391549598,30,10
MIX,TRBJ1-4,1,T,*,0.09129337391549598,30,10
MIX,TRBJ1-4,1,T,A,0.09129337391549598,30,10
MIX,TRBJ1-5,9,G,A,0.1324668415918825,50,18
MIX,TRBJ1-5,10,A,*,0.1324668415918825,50,18
MIX,TRBJ1-5,10,A,C,0.1324668415918825,50,18
MIX,TRBJ1-5,5,A,A,0.30664517999761054,128,30
MIX,TRBJ1-5,6,A,*,0.30664517999761054,128,30
MIX,TRBJ1-5,6,A,C,0.30664517999761054,128,30
MIX,TRBJ1-5,14,A,A,0.0109798923137697,6,2
MIX,TRBJ1-5,15,A,*,0.0109798923137697,6,2
MIX,TRBJ1-5,15,A,C,0.0109798923137697,6,2
MIX,TRBJ1-5,17,A,-,0.0306044281428956,14,5
MIX,TRBJ1-5,18,-,*,0.0306044281428956,14,5
MIX,TRBJ1-5,18,-,T,0.0306044281428956,14,5
MIX,TRBJ1-5,8,A,C,0.0311883470891713,14,5
MIX,TRBJ1-5,9,C,*,0.0311883470891713,14,5
MIX,TRBJ1-5,9,C,C,0.0311883470891713,14,5
MIX,TRBJ1-5,37,C,C,0.0033130866924351,2,1
MIX,TRBJ1-5,38,C,*,0.0033130866924351,2,1
MIX,TRBJ1-5,38,C,C,0.0033130866924351,2,1
MIX,TRBJ1-5,7,C,C,0.08674751339656438,32,11
MIX,TRBJ1-5,8,C,*,0.08674751339656438,32,11
MIX,TRBJ1-5,8,C,G,0.08674751339656438,32,11
MIX,TRBJ1-5,7,C,T,0.0283807710740695,12,5
MIX,TRBJ1-5,8,T,*,0.0283807710740695,12,5
MIX,TRBJ1-5,8,T,G,0.0283807710740695,12,5
MIX,TRBJ1-6,7,A,C,0.11906367189547287,39,12
MIX,TRBJ1-6,8,C,*,0.11906367189547287,39,12
MIX,TRBJ1-6,8,C,T,0.11906367189547287,39,12
MIX,TRBJ1-6,7,A,T,0.11734242622102119,42,11
MIX,TRBJ1-6,8,T,*,0.11734242622102119,42,11
MIX,TRBJ1-6,8,T,T,0.11734242622102119,42,11
MIX,TRBJ1-6,4,T,C,0.1440584688684893,44,16
MIX,TRBJ1-6,5,C,*,0.14895014285771316,47,16
MIX,TRBJ1-6,5,C,T,0.14895014285771316,47,16
MIX,TRBJ1-6,9,T,C,0.069821778793355,22,8
MIX,TRBJ1-6,10,C,*,0.069821778793355,22,8
MIX,TRBJ1-6,10,C,C,0.069821778793355,22,8
MIX,TRBJ1-6,21,C,C,0.0150865882947794,5,2
MIX,TRBJ1-6,22,C,*,0.0150865882947794,5,2
MIX,TRBJ1-6,22,C,T,0.0150865882947794,5,2
MIX,TRBJ1-6,12,A,T,0.0213132461867479,8,3
MIX,TRBJ1-6,13,T,*,0.0213132461867479,8,3
MIX,TRBJ1-6,13,T,C,0.0213132461867479,8,3
MIX,TRBJ1-6,0,A,*,0.0313698624361967,10,5
MIX,TRBJ1-6,0,A,T,0.0313698624361967,10,5
MIX,TRBJ1-6,0,C,C,0.0897570912179196,27,10
MIX,TRBJ1-6,1,C,*,0.0897570912179196,27,10
MIX,TRBJ1-6,1,C,C,0.0897570912179196,27,10
MIX,TRBJ1-6,6,T,C,0.0372902787851705,12,6
MIX,TRBJ1-6,7,C,*,0.0372902787851705,12,6
MIX,TRBJ1-6,7,C,A,0.0372902787851705,12,6
MIX,TRBJ1-6,1,T,T,0.0368628515220228,11,5
MIX,TRBJ1-6,2,T,*,0.0368628515220228,11,5
MIX,TRBJ1-6,2,T,C,0.0368628515220228,11,5
MIX,TRBJ1-6,0,T,A,0.0051194539249146,2,1
MIX,TRBJ1-6,1,A,*,0.0926671601939263,29,13
MIX,TRBJ1-6,1,A,C,0.0926671601939263,29,13
MIX,TRBJ2-1,0,A,A,0.045073537033885204,48,12
MIX,TRBJ2-1,35,G,A,0.0179892415202733,21,6
MIX,TRBJ2-1,36,A,*,0.0179892415202733,21,6
MIX,TRBJ2-1,36,A,C,0.0179892415202733,21,6
MIX,TRBJ2-1,42,C,A,0.0020289119959421,4,1
MIX,TRBJ2-1,43,A,*,0.0020289119959421,4,1
MIX,TRBJ2-1,43,A,T,0.0020289119959421,4,1
MIX,TRBJ2-1,4,C,T,0.011776308800878401,10,4
MIX,TRBJ2-1,9,T,C,0.03514720281049629,34,10
MIX,TRBJ2-1,10,C,*,0.03514720281049629,34,10
MIX,TRBJ2-1,10,C,A,0.03514720281049629,34,10
MIX,TRBJ2-1,23,G,A,0.031029901287841798,25,9
MIX,TRBJ2-1,24,A,*,0.031029901287841798,25,9
MIX,TRBJ2-1,24,A,C,0.031029901287841798,25,9
MIX,TRBJ2-1,0,G,C,0.036109360886629,37,12
MIX,TRBJ2-1,1,G,A,0.0045156959730045,4,2
MIX,TRBJ2-1,5,A,A,0.009578333518482699,8,4
MIX,TRBJ2-1,6,A,*,0.011088147308115298,10,5
MIX,TRBJ2-1,6,A,A,0.011088147308115298,10,5
MIX,TRBJ2-1,16,T,C,0.023081440759592602,22,8
MIX,TRBJ2-1,17,C,*,0.023081440759592602,22,8
MIX,TRBJ2-1,17,C,C,0.023081440759592602,22,8
MIX,TRBJ2-1,22,G,A,0.005253321404456,6,3
MIX,TRBJ2-1,23,A,*,0.005253321404456,6,3
MIX,TRBJ2-1,23,A,G,0.005253321404456,6,3
MIX,TRBJ2-1,27,A,A,0.0181195453074343,17,6
MIX,TRBJ2-1,28,A,*,0.0181195453074343,17,6
MIX,TRBJ2-1,28,A,G,0.0181195453074343,17,6
MIX,TRBJ2-1,40,A,T,0.011111160061481799,13,5
MIX,TRBJ2-1,41,T,*,0.011111160061481799,13,5
MIX,TRBJ2-1,41,T,C,0.011111160061481799,13,5
MIX,TRBJ2-1,30,G,G,0.0015216839969566,2,1
MIX,TRBJ2-1,31,G,*,0.0015216839969566,2,1
MIX,TRBJ2-1,31,G,C,0.0015216839969566,2,1
MIX,TRBJ2-1,15,G,TT,0.0168433370040936,14,6
MIX,TRBJ2-1,16,TT,*,0.0168433370040936,14,6
MIX,TRBJ2-1,16,TT,T,0.0168433370040936,14,6
MIX,TRBJ2-1,9,T,T,0.0095923552200574,9,4
MIX,TRBJ2-1,10,T,*,0.0095923552200574,9,4
MIX,TRBJ2-1,10,T,A,0.0095923552200574,9,4
MIX,TRBJ2-1,7,G,G,0.0187522587560045,19,5
MIX,TRBJ2-1,0,T,G,0.0247202206643739,26,9
MIX,TRBJ2-2,6,C,T,0.13148373975084737,95,21
MIX,TRBJ2-2,7,T,*,0.13148373975084737,95,21
MIX,TRBJ2-2,7,T,G,0.13148373975084737,95,21
MIX,TRBJ2-2,10,G,A,0.0392655931989575,23,8
MIX,TRBJ2-2,11,A,*,0.0392655931989575,23,8
MIX,TRBJ2-2,11,A,A,0.0392655931989575,23,8
MIX,TRBJ2-2,9,G,C,0.0143203658575704,10,5
MIX,TRBJ2-2,10,C,*,0.0143203658575704,10,5
MIX,TRBJ2-2,10,C,G,0.0143203658575704,10,5
MIX,TRBJ2-2,35,A,C,0.0021015761821366,2,1
MIX,TRBJ2-2,36,C,*,0.0021015761821366,2,1
MIX,TRBJ2-2,36,C,G,0.0021015761821366,2,1
MIX,TRBJ2-2,7,C,T,0.022175369804119698,16,7
MIX,TRBJ2-2,8,T,*,0.022175369804119698,16,7
MIX,TRBJ2-2,8,T,G,0.022175369804119698,16,7
MIX,TRBJ2-3,12,C,T,0.0077929770131151006,7,2
MIX,TRBJ2-3,13,T,*,0.0077929770131151006,7,2
MIX,TRBJ2-3,13,T,G,0.0077929770131151006,7,2
MIX,TRBJ2-3,6,G,T,0.08351196521309831,71,19
MIX,TRBJ2-3,7,T,*,0.08351196521309831,71,19
MIX,TRBJ2-3,7,T,T,0.08351196521309831,71,19
MIX,TRBJ2-3,10,C,A,0.0147230057669195,12,4
MIX,TRBJ2-3,11,A,*,0.0147230057669195,12,4
MIX,TRBJ2-3,11,A,C,0.0147230057669195,12,4
MIX,TRBJ2-3,34,G,A,0.019483703016778202,16,6
MIX,TRBJ2-3,35,A,*,0.019483703016778202,16,6
MIX,TRBJ2-3,35,A,C,0.019483703016778202,16,6
MIX,TRBJ2-3,46,T,T,0.023205799802423797,15,7
MIX,TRBJ2-3,47,T,*,0.023205799802423797,15,7
MIX,TRBJ2-3,47,T,G,0.023205799802423797,15,7
MIX,TRBJ2-3,44,G,T,0.0224139893154879,14,6
MIX,TRBJ2-3,45,T,*,0.0224139893154879,14,6
MIX,TRBJ2-3,45,T,T,0.0224139893154879,14,6
MIX,TRBJ2-3,32,C,T,0.015596924301303002,11,5
MIX,TRBJ2-3,33,T,*,0.015596924301303002,11,5
MIX,TRBJ2-3,33,T,G,0.015596924301303002,11,5
MIX,TRBJ2-3,22,G,T,0.0161009080652051,12,5
MIX,TRBJ2-3,23,T,*,0.0161009080652051,12,5
MIX,TRBJ2-3,23,T,C,0.0161009080652051,12,5
MIX,TRBJ2-3,10,C,T,0.007906527553270799,7,3
MIX,TRBJ2-3,11,T,*,0.007906527553270799,7,3
MIX,TRBJ2-3,11,T,C,0.007906527553270799,7,3
MIX,TRBJ2-3,8,T,G,0.09690866940020759,81,23
MIX,TRBJ2-3,9,G,*,0.0994607748872343,83,24
MIX,TRBJ2-3,9,G,C,0.09660363203009151,81,24
MIX,TRBJ2-3,4,G,G,0.011594752272561699,9,4
MIX,TRBJ2-3,40,C,G,0.0049054523726966,4,2
MIX,TRBJ2-3,41,G,*,0.0049054523726966,4,2
MIX,TRBJ2-3,41,G,G,0.0049054523726966,4,2
MIX,TRBJ2-3,33,C,T,0.0051880454995607995,4,2
MIX,TRBJ2-3,34,T,*,0.0051880454995607995,4,2
MIX,TRBJ2-3,34,T,G,0.0051880454995607995,4,2
MIX,TRBJ2-3,23,C,T,0.0019743336623889,2,1
MIX,TRBJ2-3,24,T,*,0.0019743336623889,2,1
MIX,TRBJ2-3,24,T,C,0.0019743336623889,2,1
MIX,TRBJ2-3,12,C,G,0.031042088230059696,21,8
MIX,TRBJ2-3,13,G,*,0.031042088230059696,21,8
MIX,TRBJ2-3,13,G,G,0.031042088230059696,21,8
MIX,TRBJ2-3,11,G,G,0.0161387984927388,13,6
MIX,TRBJ2-3,12,G,*,0.0161387984927388,13,6
MIX,TRBJ2-3,12,G,A,0.0161387984927388,13,6
MIX,TRBJ2-3,6,G,C,0.1418930958215447,110,32
MIX,TRBJ2-3,7,C,*,0.1445808602011631,114,32
MIX,TRBJ2-3,7,C,T,0.14236928629773518,111,32
MIX,TRBJ2-4,1,G,A,0.26106260498250633,74,20
MIX,TRBJ2-4,2,A,*,0.2675980966286436,76,20
MIX,TRBJ2-4,2,A,C,0.2675980966286436,76,20
MIX,TRBJ2-4,0,G,*,0.2199707361192731,71,19
MIX,TRBJ2-4,0,G,G,0.2199707361192731,71,19
MIX,TRBJ2-4,0,A,T,0.05405123604238149,17,6
MIX,TRBJ2-4,1,T,*,0.05405123604238149,17,6
MIX,TRBJ2-4,1,T,C,0.05405123604238149,17,6
MIX,TRBJ2-4,7,A,C,0.020632406882389896,7,3
MIX,TRBJ2-4,8,C,*,0.020632406882389896,7,3
MIX,TRBJ2-4,8,C,C,0.020632406882389896,7,3
MIX,TRBJ2-4,0,T,*,0.056487665827294295,21,7
MIX,TRBJ2-4,0,T,G,0.056487665827294295,21,7
MIX,TRBJ2-5,0,G,*,0.0380349874489726,25,10
MIX,TRBJ2-5,0,G,C,0.0333584480880997,23,9
MIX,TRBJ2-5,32,C,A,0.0054428441748945,4,2
MIX,TRBJ2-5,33,A,*,0.0054428441748945,4,2
MIX,TRBJ2-5,33,A,G,0.0054428441748945,4,2
MIX,TRBJ2-5,45,T,T,0.0147457074571269,11,5
MIX,TRBJ2-5,46,T,*,0.0147457074571269,11,5
MIX,TRBJ2-5,46,T,G,0.0147457074571269,11,5
MIX,TRBJ2-5,27,G,T,0.0115622597403578,8,3
MIX,TRBJ2-5,28,T,*,0.0115622597403578,8,3
MIX,TRBJ2-5,28,T,A,0.0115622597403578,8,3
MIX,TRBJ2-5,22,G,T,0.0169546097092506,11,5
MIX,TRBJ2-5,23,T,*,0.0169546097092506,11,5
MIX,TRBJ2-5,23,T,C,0.0169546097092506,11,5
MIX,TRBJ2-5,14,T,G,0.0060729081407794,4,2
MIX,TRBJ2-5,15,G,*,0.0060729081407794,4,2
MIX,TRBJ2-5,15,G,C,0.0060729081407794,4,2
MIX,TRBJ2-5,9,C,T,0.0063230614209755995,5,2
MIX,TRBJ2-5,10,T,*,0.0063230614209755995,5,2
MIX,TRBJ2-5,10,T,C,0.0063230614209755995,5,2
MIX,TRBJ2-5,6,A,T,0.06198911845403709,44,12
MIX,TRBJ2-5,7,T,*,0.0685791005707434,48,13
MIX,TRBJ2-5,7,T,A,0.0685791005707434,48,13
MIX,TRBJ2-5,6,G,A,0.0063230614209756,4,2
MIX,TRBJ2-5,0,T,A,0.002644336712208,2,1
MIX,TRBJ2-5,1,A,*,0.023618176525104104,14,6
MIX,TRBJ2-5,1,A,C,0.023618176525104104,14,6
MIX,TRBJ2-6,4,G,A,0.041215552095310304,12,5
MIX,TRBJ2-6,5,A,*,0.041215552095310304,12,5
MIX,TRBJ2-6,5,A,G,0.041215552095310304,12,5
MIX,TRBJ2-6,1,T,A,0.0637569421813981,15,6
MIX,TRBJ2-6,2,A,*,0.0637569421813981,15,6
MIX,TRBJ2-6,2,A,T,0.0637569421813981,15,6
MIX,TRBJ2-6,6,G,A,0.09266625741909991,26,11
MIX,TRBJ2-6,7,A,*,0.09266625741909991,26,11
MIX,TRBJ2-6,7,A,C,0.09266625741909991,26,11
MIX,TRBJ2-6,7,G,G,0.026048864027957995,7,3
MIX,TRBJ2-6,8,G,*,0.026048864027957995,7,3
MIX,TRBJ2-6,8,G,C,0.026048864027957995,7,3
MIX,TRBJ2-6,0,A,A,0.013499767495931101,4,2
MIX,TRBJ2-6,5,G,A,0.0874946239114697,23,8
MIX,TRBJ2-6,6,A,*,0.0874946239114697,23,8
MIX,TRBJ2-6,6,A,G,0.0874946239114697,23,8
MIX,TRBJ2-6,5,G,AG,0.0053475935828877,2,1
MIX,TRBJ2-6,6,AG,*,0.0053475935828877,2,1
MIX,TRBJ2-6,6,AG,G,0.0053475935828877,2,1
MIX,TRBJ2-6,20,C,C,0.0053475935828877,2,1
MIX,TRBJ2-6,21,C,*,0.0053475935828877,2,1
MIX,TRBJ2-6,21,C,T,0.0053475935828877,2,1
MIX,TRBJ2-6,5,G,T,0.0383595066203988,8,4
MIX,TRBJ2-6,6,T,*,0.0383595066203988,8,4
MIX,TRBJ2-6,6,T,G,0.0383595066203988,8,4
MIX,TRBJ2-7,0,G,A,0.1634347972674513,179,27
MIX,TRBJ2-7,0,T,A,0.12177503122145221,115,29
MIX,TRBJ2-7,0,A,G,0.0636552495140898,67,19
MIX,TRBJ2-7,1,C,T,0.046736256153351,47,16
MIX,TRBJ2-7,44,C,G,0.0069216379261575,8,3
MIX,TRBJ2-7,45,G,*,0.0069216379261575,8,3
MIX,TRBJ2-7,45,G,G,0.0069216379261575,8,3
MIX,TRBJ2-7,0,T,G,0.030162418589248598,36,11
MIX,TRBJ2-7,39,G,A,0.0022918258212375,3,1
MIX,TRBJ2-7,40,A,*,0.0022918258212375,3,1
MIX,TRBJ2-7,40,A,T,0.0022918258212375,3,1
MIX,TRBJ2-7,30,C,G,0.015610960171520201,19,6
MIX,TRBJ2-7,31,G,*,0.015610960171520201,19,6
MIX,TRBJ2-7,31,G,G,0.015610960171520201,19,6
MIX,TRBJ2-7,13,T,C,0.006187320302702699,7,3
MIX,TRBJ2-7,14,C,*,0.006187320302702699,7,3
MIX,TRBJ2-7,14,C,C,0.006187320302702699,7,3
MIX,TRBJ2-7,1,G,A,0.012477076084412599,13,6
MIX,TRBJ2-7,32,G,A,0.0194751113614167,21,7
MIX,TRBJ2-7,33,A,*,0.0194751113614167,21,7
MIX,TRBJ2-7,33,A,C,0.0194751113614167,21,7
MIX,TRBJ2-7,43,A,T,0.0132356271751955,14,6
MIX,TRBJ2-7,44,T,*,0.0132356271751955,14,6
MIX,TRBJ2-7,44,T,A,0.0132356271751955,14,6
MIX,TRBJ2-7,38,C,T,0.0131682960615101,11,5
MIX,TRBJ2-7,39,T,*,0.0131682960615101,11,5
MIX,TRBJ2-7,39,T,G,0.0131682960615101,11,5
MIX,TRBJ2-7,33,G,T,0.001527883880825,2,1
MIX,TRBJ2-7,34,T,*,0.001527883880825,2,1
MIX,TRBJ2-7,34,T,T,0.001527883880825,2,1
MIX,TRBJ2-7,30,C,T,0.001527883880825,2,1
MIX,TRBJ2-7,31,T,*,0.001527883880825,2,1
MIX,TRBJ2-7,31,T,G,0.001527883880825,2,1
MIX,TRBJ2-7,11,A,T,0.014919903518638599,15,6
MIX,TRBJ2-7,12,T,*,0.014919903518638599,15,6
MIX,TRBJ2-7,12,T,T,0.014919903518638599,15,6
MIX,TRBJ2-7,9,G,T,0.0220833768948822,23,8
MIX,TRBJ2-7,10,T,*,0.0220833768948822,23,8
MIX,TRBJ2-7,10,T,A,0.0220833768948822,23,8
MIX,TRBJ2-7,8,A,T,0.046068954221799505,48,14
MIX,TRBJ2-7,9,T,*,0.046068954221799505,48,14
MIX,TRBJ2-7,9,T,C,0.046068954221799505,48,14
MIX,TRBJ2-7,5,G,G,0.0127223728201729,15,6
MIX,TRBJ2-7,3,G,G,0.0109272714751141,6,3
MIX,TRBJ2-7,2,T,G,0.003084707959704,4,2
MIX,TRBJ2-7,2,T,T,0.016241789319112,18,7
MIX,TRBJ1-1,3,G,T,0.0061582941587827005,4,2
MIX,TRBJ1-1,26,G,A,0.0060379113780195,5,2
MIX,TRBJ1-1,27,A,*,0.0060379113780195,5,2
MIX,TRBJ1-1,27,A,C,0.0060379113780195,5,2
MIX,TRBJ1-1,36,T,T,0.0059357033728047,4,2
MIX,TRBJ1-1,37,T,*,0.0059357033728047,4,2
MIX,TRBJ1-1,37,T,A,0.0059357033728047,4,2
MIX,TRBJ1-2,7,T,C,0.060894590214009905,35,9
MIX,TRBJ1-2,8,C,*,0.060894590214009905,35,9
MIX,TRBJ1-2,8,C,G,0.060894590214009905,35,9
MIX,TRBJ1-2,15,C,T,0.0100603936381869,6,2
MIX,TRBJ1-2,16,T,*,0.0100603936381869,6,2
MIX,TRBJ1-2,16,T,T,0.0100603936381869,6,2
MIX,TRBJ1-2,8,G,T,0.0569478054047966,30,10
MIX,TRBJ1-2,9,T,*,0.0569478054047966,30,10
MIX,TRBJ1-2,9,T,C,0.0569478054047966,30,10
MIX,TRBJ1-2,11,T,G,0.0185332482824551,9,4
MIX,TRBJ1-2,12,G,*,0.0185332482824551,9,4
MIX,TRBJ1-2,12,G,C,0.0185332482824551,9,4
MIX,TRBJ1-3,4,G,A,0.1520650192761021,44,13
MIX,TRBJ1-3,5,A,*,0.1520650192761021,44,13
MIX,TRBJ1-3,5,A,A,0.1520650192761021,44,13
MIX,TRBJ1-4,0,A,*,0.0186688731257861,6,3
MIX,TRBJ1-4,0,A,A,0.0186688731257861,6,3
MIX,TRBJ1-5,10,C,T,0.0137102472274035,7,3
MIX,TRBJ1-5,11,T,*,0.0137102472274035,7,3
MIX,TRBJ1-5,11,T,C,0.0137102472274035,7,3
MIX,TRBJ1-5,9,G,T,0.030171979706176903,13,5
MIX,TRBJ1-5,10,T,*,0.030171979706176903,13,5
MIX,TRBJ1-5,10,T,C,0.030171979706176903,13,5
MIX,TRBJ1-5,5,G,G,0.0042674253200568,2,1
MIX,TRBJ1-5,4,G,G,0.0042674253200568,2,1
MIX,TRBJ1-6,0,C,G,0.0661226648350992,21,7
MIX,TRBJ1-6,1,G,*,0.0661226648350992,21,7
MIX,TRBJ1-6,1,G,C,0.0661226648350992,21,7
MIX,TRBJ1-6,44,C,C,0.0054794520547945,2,1
MIX,TRBJ1-6,45,C,*,0.0054794520547945,2,1
MIX,TRBJ1-6,45,C,G,0.0054794520547945,2,1
MIX,TRBJ1-6,2,C,G,0.0370071032021239,11,4
MIX,TRBJ1-6,3,G,*,0.0370071032021239,11,4
MIX,TRBJ1-6,3,G,T,0.0247661090172691,7,3
MIX,TRBJ1-6,2,C,T,0.07846636571257799,27,10
MIX,TRBJ1-6,3,T,*,0.07846636571257799,27,10
MIX,TRBJ1-6,3,T,T,0.07846636571257799,27,10
MIX,TRBJ2-1,48,A,T,0.010201745681121999,11,4
MIX,TRBJ2-1,1,C,G,0.0056980406871383,6,3
MIX,TRBJ2-1,2,G,*,0.030449691240611206,28,10
MIX,TRBJ2-1,2,G,C,0.025876533026910405,24,8
MIX,TRBJ2-1,3,A,A,0.0047805064367995,4,2
MIX,TRBJ2-1,3,A,G,0.006714803421296401,6,3
MIX,TRBJ2-1,4,C,G,0.003417350704339,4,2
MIX,TRBJ2-1,5,G,*,0.017065593456690998,17,6
MIX,TRBJ2-1,5,G,C,0.0153858622136899,15,6
MIX,TRBJ2-1,4,G,G,0.013648242752351998,13,5
MIX,TRBJ2-1,5,G,G,0.0016797312430011,2,1
MIX,TRBJ2-1,6,G,*,0.0064852793242834,7,3
MIX,TRBJ2-1,6,G,A,0.0064852793242834,7,3
MIX,TRBJ2-1,36,G,T,0.023572079458852695,21,9
MIX,TRBJ2-1,37,T,*,0.023572079458852695,21,9
MIX,TRBJ2-1,37,T,T,0.023572079458852695,21,9
MIX,TRBJ2-1,23,G,T,0.0016797312430011,2,1
MIX,TRBJ2-1,24,T,*,0.0016797312430011,2,1
MIX,TRBJ2-1,24,T,C,0.0016797312430011,2,1
MIX,TRBJ2-1,17,T,T,0.012685899665906799,13,5
MIX,TRBJ2-1,18,T,*,0.012685899665906799,13,5
MIX,TRBJ2-1,18,T,T,0.012685899665906799,13,5
MIX,TRBJ2-1,3,T,A,0.0036737491891626,4,2
MIX,TRBJ2-2,25,A,-,0.0224211664842057,12,5
MIX,TRBJ2-2,26,-,*,0.0269839041267912,14,6
MIX,TRBJ2-2,26,-,A,0.0224211664842057,12,5
MIX,TRBJ2-2,24,G,G,0.0049308773214488,4,2
MIX,TRBJ2-2,25,G,*,0.0049308773214488,4,2
MIX,TRBJ2-2,25,G,G,0.0049308773214488,4,2
MIX,TRBJ2-2,8,G,T,0.0294209515941392,18,8
MIX,TRBJ2-2,9,T,*,0.0294209515941392,18,8
MIX,TRBJ2-2,9,T,G,0.0294209515941392,18,8
MIX,TRBJ2-2,3,G,T,0.005078608310466,4,2
MIX,TRBJ2-3,9,A,A,0.017048969159232298,13,5
MIX,TRBJ2-3,10,A,*,0.017048969159232298,13,5
MIX,TRBJ2-3,10,A,G,0.017048969159232298,13,5
MIX,TRBJ2-3,47,C,T,0.0020283975659229,2,1
MIX,TRBJ2-3,34,G,T,0.0103510025361997,8,4
MIX,TRBJ2-3,35,T,*,0.0103510025361997,8,4
MIX,TRBJ2-3,35,T,C,0.0103510025361997,8,4
MIX,TRBJ2-3,3,G,T,0.0200819561647769,15,6
MIX,TRBJ2-3,2,T,T,0.008218873756399,7,2
MIX,TRBJ2-4,0,C,*,0.08534446512586338,23,10
MIX,TRBJ2-4,0,C,G,0.08534446512586338,23,10
MIX,TRBJ2-4,4,A,T,0.0345259688665651,10,5
MIX,TRBJ2-4,5,T,*,0.0345259688665651,10,5
MIX,TRBJ2-4,5,T,A,0.0345259688665651,10,5
MIX,TRBJ2-4,2,C,G,0.1069225487339444,31,9
MIX,TRBJ2-4,3,G,*,0.1069225487339444,31,9
MIX,TRBJ2-4,3,G,G,0.0294918260079717,11,4
MIX,TRBJ2-5,8,A,T,0.07184443432311159,46,13
MIX,TRBJ2-5,9,T,*,0.07184443432311159,46,13
MIX,TRBJ2-5,9,T,C,0.07184443432311159,46,13
MIX,TRBJ2-5,11,C,C,0.018031104634561097,11,5
MIX,TRBJ2-5,12,C,*,0.018031104634561097,11,5
MIX,TRBJ2-5,12,C,G,0.018031104634561097,11,5
MIX,TRBJ2-5,1,T,G,0.0036644951140064994,3,1
MIX,TRBJ2-5,12,A,A,0.002442996742671,2,1
MIX,TRBJ2-5,13,A,*,0.002442996742671,2,1
MIX,TRBJ2-5,13,A,T,0.002442996742671,2,1
MIX,TRBJ2-6,7,G,T,0.0224667737336087,7,3
MIX,TRBJ2-6,8,T,*,0.0224667737336087,7,3
MIX,TRBJ2-6,8,T,C,0.0224667737336087,7,3
MIX,TRBJ2-6,31,G,-,0.0175610090720446,4,2
MIX,TRBJ2-6,32,-,*,0.0175610090720446,4,2
MIX,TRBJ2-6,32,-,-,0.0175610090720446,4,2
MIX,TRBJ2-6,33,-,*,0.0175610090720446,4,2
MIX,TRBJ2-6,33,-,-,0.0175610090720446,4,2
MIX,TRBJ2-6,34,-,*,0.0175610090720446,4,2
MIX,TRBJ2-6,34,-,G,0.0175610090720446,4,2
MIX,TRBJ2-7,1,G,G,0.0408550737681525,49,14
MIX,TRBJ2-7,2,G,*,0.0769652228153329,87,16
MIX,TRBJ2-7,2,G,C,0.0769652228153329,87,16
MIX,TRBJ2-7,4,G,G,0.0288541509686257,31,9
MIX,TRBJ2-7,4,C,T,0.0123225421719575,14,5
MIX,TRBJ2-7,10,C,C,0.033622549090124,39,12
MIX,TRBJ2-7,11,C,*,0.033622549090124,39,12
MIX,TRBJ2-7,11,C,G,0.033622549090124,39,12
MIX,TRBJ2-7,4,G,C,0.0041655197310529,4,2
MIX,TRBJ2-7,8,A,C,0.043391504216664795,39,14
MIX,TRBJ2-7,9,C,*,0.043391504216664795,39,14
MIX,TRBJ2-7,9,C,C,0.043391504216664795,39,14
MIX,TRBJ2-7,20,G,A,0.0083103456577901,9,4
MIX,TRBJ2-7,21,A,*,0.0083103456577901,9,4
MIX,TRBJ2-7,21,A,C,0.0083103456577901,9,4
MIX,TRBJ2-7,28,A,T,0.0054277918208143995,5,2
MIX,TRBJ2-7,29,T,*,0.0054277918208143995,5,2
MIX,TRBJ2-7,29,T,C,0.0054277918208143995,5,2
MIX,TRBJ2-7,27,C,-,0.001556824078879,2,1
MIX,TRBJ2-7,28,-,*,0.001556824078879,2,1
MIX,TRBJ2-7,28,-,C,0.001556824078879,2,1
MIX,TRBJ2-7,10,C,T,0.029304638306284197,32,11
MIX,TRBJ2-7,11,T,*,0.029304638306284197,32,11
MIX,TRBJ2-7,11,T,G,0.029304638306284197,32,11
MIX,TRBJ1-4,2,A,T,0.16946946110099062,50,16
MIX,TRBJ1-4,3,T,*,0.16946946110099062,50,16
MIX,TRBJ1-4,3,T,T,0.16946946110099062,50,16
MIX,TRBJ2-1,1,G,G,0.0201784923397721,18,7
MIX,TRBJ2-1,38,T,T,0.018186519176003398,16,6
MIX,TRBJ2-1,39,T,*,0.018186519176003398,16,6
MIX,TRBJ2-1,39,T,A,0.018186519176003398,16,6
MIX,TRBJ2-1,14,A,A,0.0285735217278893,25,8
MIX,TRBJ2-1,15,A,*,0.0285735217278893,25,8
MIX,TRBJ2-1,15,A,T,0.0285735217278893,25,8
MIX,TRBJ2-4,5,G,G,0.0076726342710997,2,1
MIX,TRBJ2-4,4,A,C,0.0524040342246906,17,6
MIX,TRBJ2-4,5,C,*,0.0524040342246906,17,6
MIX,TRBJ2-4,5,C,A,0.0524040342246906,17,6
MIX,TRBJ2-5,29,A,T,0.066111771995653,41,15
MIX,TRBJ2-5,30,T,*,0.066111771995653,41,15
MIX,TRBJ2-5,30,T,G,0.066111771995653,41,15
MIX,TRBJ2-5,0,A,G,0.05375240275312151,35,12
MIX,TRBJ2-5,1,G,*,0.0584289421139944,37,13
MIX,TRBJ2-5,1,G,C,0.0584289421139944,37,13
MIX,TRBJ2-7,14,A,T,0.019491931358540902,18,7
MIX,TRBJ2-7,15,T,*,0.019491931358540902,18,7
MIX,TRBJ2-7,15,T,T,0.019491931358540902,18,7
MIX,TRBJ2-7,9,G,A,0.028673968947863396,29,9
MIX,TRBJ2-7,10,A,*,0.028673968947863396,29,9
MIX,TRBJ2-7,10,A,A,0.028673968947863396,29,9
MIX,TRBJ2-7,38,C,-,0.027047229299364,26,10
MIX,TRBJ2-7,39,-,*,0.027047229299364,26,10
MIX,TRBJ2-7,39,-,G,0.027047229299364,26,10
MIX,TRBJ2-7,2,C,TC,0.0056889477866950006,4,2
MIX,TRBJ2-7,3,TC,*,0.0056889477866950006,4,2
MIX,TRBJ2-7,3,TC,T,0.0056889477866950006,4,2
MIX,TRBJ1-1,15,T,T,0.0337804820300895,16,8
MIX,TRBJ1-1,16,T,*,0.0337804820300895,16,8
MIX,TRBJ1-1,16,T,T,0.0337804820300895,16,8
MIX,TRBJ2-3,31,C,T,0.0040214477211796,2,1
MIX,TRBJ2-3,32,T,*,0.0040214477211796,2,1
MIX,TRBJ2-3,32,T,C,0.0040214477211796,2,1
MIX,TRBJ2-3,3,G,A,0.012206832740487799,8,4
MIX,TRBJ2-5,15,A,T,0.024809958815094103,12,6
MIX,TRBJ2-5,16,T,*,0.024809958815094103,12,6
MIX,TRBJ2-5,16,T,T,0.024809958815094103,12,6
MIX,TRBJ2-7,4,C,G,0.007251283719506899,6,2
MIX,TRBJ1-2,10,C,C,0.016121145018625202,8,4
MIX,TRBJ1-2,11,C,*,0.016121145018625202,8,4
MIX,TRBJ1-2,11,C,A,0.016121145018625202,8,4
MIX,TRBJ1-2,27,G,A,0.0035671819262782,2,1
MIX,TRBJ1-2,28,A,*,0.0035671819262782,2,1
MIX,TRBJ1-2,28,A,A,0.0035671819262782,2,1
MIX,TRBJ1-3,7,A,G,0.0338443075813879,9,4
MIX,TRBJ1-3,8,G,*,0.0338443075813879,9,4
MIX,TRBJ1-3,8,G,C,0.0338443075813879,9,4
MIX,TRBJ1-3,6,A,T,0.06089728103139891,19,7
MIX,TRBJ1-3,7,T,*,0.06089728103139891,19,7
MIX,TRBJ1-3,7,T,A,0.06089728103139891,19,7
MIX,TRBJ1-3,3,T,C,0.0288625697051277,8,3
MIX,TRBJ1-3,4,C,*,0.0288625697051277,8,3
MIX,TRBJ1-3,4,C,G,0.0288625697051277,8,3
MIX,TRBJ1-3,6,A,C,0.0267488755079794,8,3
MIX,TRBJ1-3,7,C,*,0.0267488755079794,8,3
MIX,TRBJ1-3,7,C,A,0.0267488755079794,8,3
MIX,TRBJ1-4,11,A,G,0.033716084852154604,11,5
MIX,TRBJ1-4,12,G,*,0.033716084852154604,11,5
MIX,TRBJ1-4,12,G,A,0.033716084852154604,11,5
MIX,TRBJ1-4,8,G,C,0.0052264808362369,2,1
MIX,TRBJ1-4,9,C,*,0.0052264808362369,2,1
MIX,TRBJ1-4,9,C,A,0.0052264808362369,2,1
MIX,TRBJ1-4,0,T,*,0.0052264808362369,2,1
MIX,TRBJ1-4,0,T,A,0.0052264808362369,2,1
MIX,TRBJ1-5,4,A,TA,0.0042979942693409,7,1
MIX,TRBJ1-5,5,TA,*,0.0042979942693409,7,1
MIX,TRBJ1-5,5,TA,T,0.0042979942693409,7,1
MIX,TRBJ1-6,11,C,C,0.052126148128648894,15,5
MIX,TRBJ1-6,12,C,*,0.052126148128648894,15,5
MIX,TRBJ1-6,12,C,C,0.052126148128648894,15,5
MIX,TRBJ1-6,0,C,A,0.0875477062690117,27,12
MIX,TRBJ1-6,5,A,A,0.0056127221702525,2,1
MIX,TRBJ1-6,6,A,*,0.0056127221702525,2,1
MIX,TRBJ1-6,6,A,A,0.0056127221702525,2,1
MIX,TRBJ2-1,18,C,G,0.002079002079002,2,1
MIX,TRBJ2-1,19,G,*,0.002079002079002,2,1
MIX,TRBJ2-1,19,G,T,0.002079002079002,2,1
MIX,TRBJ2-1,46,C,C,0.0043911408073256004,4,2
MIX,TRBJ2-1,47,C,*,0.0043911408073256004,4,2
MIX,TRBJ2-1,47,C,A,0.0043911408073256004,4,2
MIX,TRBJ2-2,49,G,A,0.0167364230364819,10,3
MIX,TRBJ2-2,43,C,A,0.0119091341222531,8,4
MIX,TRBJ2-2,44,A,*,0.0119091341222531,8,4
MIX,TRBJ2-2,44,A,T,0.0119091341222531,8,4
MIX,TRBJ2-2,11,G,C,0.0025706940874035,2,1
MIX,TRBJ2-2,12,C,*,0.0025706940874035,2,1
MIX,TRBJ2-2,12,C,G,0.0025706940874035,2,1
MIX,TRBJ2-2,11,G,T,0.0059682025811747,4,2
MIX,TRBJ2-2,12,T,*,0.0059682025811747,4,2
MIX,TRBJ2-2,12,T,G,0.0059682025811747,4,2
MIX,TRBJ2-2,9,G,T,0.0057772905143389005,5,2
MIX,TRBJ2-2,10,T,*,0.0057772905143389005,5,2
MIX,TRBJ2-2,10,T,G,0.0057772905143389005,5,2
MIX,TRBJ2-3,16,A,-,0.067081621947552,49,16
MIX,TRBJ2-3,17,-,*,0.067081621947552,49,16
MIX,TRBJ2-3,17,-,T,0.064798516924721,47,15
MIX,TRBJ2-3,14,G,C,0.0048616364374884005,4,2
MIX,TRBJ2-3,15,C,*,0.0048616364374884005,4,2
MIX,TRBJ2-3,15,C,A,0.0048616364374884005,4,2
MIX,TRBJ2-3,16,A,C,0.0053099292253907995,4,2
MIX,TRBJ2-3,17,C,*,0.0053099292253907995,4,2
MIX,TRBJ2-3,17,C,T,0.0053099292253907995,4,2
MIX,TRBJ2-5,33,G,A,0.0077728378491736,5,2
MIX,TRBJ2-5,34,A,*,0.0077728378491736,5,2
MIX,TRBJ2-5,34,A,C,0.0077728378491736,5,2
MIX,TRBJ2-5,2,G,G,0.021141935285356503,14,6
MIX,TRBJ2-5,24,C,T,0.0026373626373626,2,1
MIX,TRBJ2-5,25,T,*,0.0026373626373626,2,1
MIX,TRBJ2-5,25,T,G,0.0026373626373626,2,1
MIX,TRBJ2-5,23,C,T,0.0026373626373626,2,1
MIX,TRBJ2-5,24,T,*,0.0026373626373626,2,1
MIX,TRBJ2-5,24,T,A,0.0026373626373626,2,1
MIX,TRBJ2-6,3,T,C,0.0066518847006651,2,1
MIX,TRBJ2-6,4,C,*,0.0066518847006651,2,1
MIX,TRBJ2-6,4,C,G,0.0066518847006651,2,1
MIX,TRBJ2-6,7,G,A,0.027432497815772897,16,2
MIX,TRBJ2-6,8,A,*,0.027432497815772897,16,2
MIX,TRBJ2-6,8,A,C,0.027432497815772897,16,2
MIX,TRBJ2-6,9,C,G,0.0066518847006651,11,1
MIX,TRBJ2-6,10,G,*,0.0066518847006651,11,1
MIX,TRBJ2-6,10,G,A,0.0066518847006651,11,1
MIX,TRBJ2-7,35,T,T,0.011439550666357,11,4
MIX,TRBJ2-7,36,T,*,0.011439550666357,11,4
MIX,TRBJ2-7,36,T,A,0.011439550666357,11,4
MIX,TRBJ2-7,1,A,A,0.012193505138112699,11,5
MIX,TRBJ2-7,1,A,G,0.014207958290407902,14,6
MIX,TRBJ2-7,18,C,-,0.016354515073565203,15,6
MIX,TRBJ2-7,19,-,*,0.016354515073565203,15,6
MIX,TRBJ2-7,19,-,G,0.016354515073565203,15,6
MIX,TRBJ2-7,34,C,C,0.0040276476966406,7,2
MIX,TRBJ2-7,35,C,*,0.0040276476966406,7,2
MIX,TRBJ2-7,35,C,C,0.0040276476966406,7,2
MIX,TRBJ2-7,1,T,G,0.015095096689666585,16,6
MIX,TRBJ1-1,43,T,-,0.0036730945821854,4,1
MIX,TRBJ1-1,41,G,TT,0.0077742565780842005,6,2
MIX,TRBJ1-1,42,TT,*,0.0077742565780842005,6,2
MIX,TRBJ1-1,42,TT,T,0.0077742565780842005,6,2
MIX,TRBJ1-1,18,T,-,0.008707189928594199,5,2
MIX,TRBJ1-1,19,-,*,0.008707189928594199,5,2
MIX,TRBJ1-1,19,-,-,0.008707189928594199,5,2
MIX,TRBJ1-1,20,-,*,0.0105437372196869,7,2
MIX,TRBJ1-1,20,-,G,0.0105437372196869,7,2
MIX,TRBJ1-1,16,C,-,0.0237490985319841,12,6
MIX,TRBJ1-1,17,-,*,0.0237490985319841,12,6
MIX,TRBJ1-1,17,-,T,0.0237490985319841,12,6
MIX,TRBJ1-1,19,T,-,0.0018365472910927,2,1
MIX,TRBJ1-1,41,G,C,0.0086560111614571,7,3
MIX,TRBJ1-1,42,C,*,0.0086560111614571,7,3
MIX,TRBJ1-1,42,C,T,0.0086560111614571,7,3
MIX,TRBJ1-1,45,T,T,0.0018365472910927,2,1
MIX,TRBJ1-1,46,T,*,0.0018365472910927,2,1
MIX,TRBJ1-1,46,T,A,0.0018365472910927,2,1
MIX,TRBJ1-1,32,A,T,0.0018365472910927,3,1
MIX,TRBJ1-1,33,T,*,0.0018365472910927,3,1
MIX,TRBJ1-1,33,T,A,0.0018365472910927,3,1
MIX,TRBJ1-1,12,C,TT,0.0018365472910927,2,1
MIX,TRBJ1-1,13,TT,*,0.0018365472910927,2,1
MIX,TRBJ1-1,13,TT,T,0.0018365472910927,2,1
MIX,TRBJ1-1,5,G,G,0.006670059643402,5,2
MIX,TRBJ1-2,10,C,G,0.0070376175548589,5,2
MIX,TRBJ1-2,11,G,*,0.0070376175548589,5,2
MIX,TRBJ1-2,11,G,A,0.0070376175548589,5,2
MIX,TRBJ1-2,25,G,A,0.0027272727272727,2,1
MIX,TRBJ1-2,26,A,*,0.0027272727272727,2,1
MIX,TRBJ1-2,26,A,G,0.0027272727272727,2,1
MIX,TRBJ1-2,33,G,A,0.0027272727272727,2,1
MIX,TRBJ1-2,34,A,*,0.0027272727272727,2,1
MIX,TRBJ1-2,34,A,T,0.0027272727272727,2,1
MIX,TRBJ1-2,46,A,T,0.0027272727272727,2,1
MIX,TRBJ1-2,33,G,T,0.0443846735400458,21,9
MIX,TRBJ1-2,34,T,*,0.0443846735400458,21,9
MIX,TRBJ1-2,34,T,T,0.0443846735400458,21,9
MIX,TRBJ1-2,16,C,TT,0.0027272727272727,2,1
MIX,TRBJ1-2,17,TT,*,0.0027272727272727,2,1
MIX,TRBJ1-2,17,TT,T,0.0027272727272727,2,1
MIX,TRBJ1-2,2,T,T,0.007716581351649,5,2
MIX,TRBJ1-3,42,T,T,0.0046728971962616,2,1
MIX,TRBJ1-3,43,T,*,0.0046728971962616,2,1
MIX,TRBJ1-3,43,T,T,0.0046728971962616,2,1
MIX,TRBJ1-3,2,T,A,0.0046728971962616,2,1
MIX,TRBJ1-4,17,T,C,0.0043636363636363,2,1
MIX,TRBJ1-4,18,C,*,0.0043636363636363,2,1
MIX,TRBJ1-4,18,C,T,0.0043636363636363,2,1
MIX,TRBJ1-4,17,-,-,0.0043636363636363,2,1
MIX,TRBJ1-4,18,-,*,0.0043636363636363,2,1
MIX,TRBJ1-4,18,-,T,0.0043636363636363,2,1
MIX,TRBJ1-4,8,G,T,0.0101162729887561,4,2
MIX,TRBJ1-4,9,T,*,0.0101162729887561,4,2
MIX,TRBJ1-4,9,T,A,0.0101162729887561,4,2
MIX,TRBJ1-5,9,G,-,0.0046997389033942,3,1
MIX,TRBJ1-5,10,-,*,0.0046997389033942,3,1
MIX,TRBJ1-5,10,-,C,0.0046997389033942,3,1
MIX,TRBJ1-5,21,T,T,0.0085413459657597,5,2
MIX,TRBJ1-5,22,T,*,0.0085413459657597,5,2
MIX,TRBJ1-5,22,T,G,0.0085413459657597,5,2
MIX,TRBJ1-5,6,T,A,0.0173377398443819,8,3
MIX,TRBJ1-5,7,A,*,0.0173377398443819,8,3
MIX,TRBJ1-5,7,A,A,0.0173377398443819,8,3
MIX,TRBJ1-5,12,C,-,0.0098899160256862,4,2
MIX,TRBJ1-5,13,-,*,0.0098899160256862,4,2
MIX,TRBJ1-5,13,-,-,0.0098899160256862,4,2
MIX,TRBJ1-5,14,-,*,0.0130230752946157,6,2
MIX,TRBJ1-5,14,-,-,0.0130230752946157,6,2
MIX,TRBJ1-5,15,-,*,0.0130230752946157,6,2
MIX,TRBJ1-5,15,-,C,0.0130230752946157,6,2
MIX,TRBJ1-5,13,C,-,0.0031331592689295,2,1
MIX,TRBJ1-5,13,C,G,0.0031331592689295,2,1
MIX,TRBJ1-5,14,G,*,0.0031331592689295,2,1
MIX,TRBJ1-5,14,G,G,0.0031331592689295,2,1
MIX,TRBJ1-5,6,T,T,0.0080754986428998,4,2
MIX,TRBJ1-5,7,T,*,0.0080754986428998,4,2
MIX,TRBJ1-5,7,T,A,0.0080754986428998,4,2
MIX,TRBJ1-5,5,C,C,0.0031331592689295,2,1
MIX,TRBJ1-6,12,A,G,0.0297252942478493,9,3
MIX,TRBJ1-6,13,G,*,0.0297252942478493,9,3
MIX,TRBJ1-6,13,G,C,0.0297252942478493,9,3
MIX,TRBJ1-6,9,T,G,0.0232149012475349,6,3
MIX,TRBJ1-6,10,G,*,0.0232149012475349,6,3
MIX,TRBJ1-6,10,G,C,0.0232149012475349,6,3
MIX,TRBJ1-6,12,A,A,0.043484192885360096,16,6
MIX,TRBJ1-6,13,A,*,0.043484192885360096,16,6
MIX,TRBJ1-6,13,A,C,0.043484192885360096,16,6
MIX,TRBJ1-6,15,C,A,0.004421518054532,2,1
MIX,TRBJ1-6,16,A,*,0.004421518054532,2,1
MIX,TRBJ1-6,16,A,T,0.004421518054532,2,1
MIX,TRBJ1-6,51,A,T,0.004421518054532,2,1
MIX,TRBJ1-6,15,C,G,0.004421518054532,2,1
MIX,TRBJ1-6,16,G,*,0.004421518054532,2,1
MIX,TRBJ1-6,16,G,T,0.004421518054532,2,1
MIX,TRBJ2-1,21,C,-,0.0182053197140657,13,4
MIX,TRBJ2-1,22,-,*,0.0182053197140657,13,4
MIX,TRBJ2-1,22,-,G,0.0182053197140657,13,4
MIX,TRBJ2-1,1,C,T,0.013258429908505698,15,5
MIX,TRBJ2-1,8,G,G,0.0046002148811852,5,2
MIX,TRBJ2-1,5,A,G,0.0019083969465647998,3,1
MIX,TRBJ2-1,4,C,C,0.0048055480812823,4,2
MIX,TRBJ2-1,4,G,T,0.0019083969465648,2,1
MIX,TRBJ2-1,27,A,-,0.0326175767442312,33,12
MIX,TRBJ2-1,28,-,*,0.0326175767442312,33,12
MIX,TRBJ2-1,28,-,G,0.0326175767442312,33,12
MIX,TRBJ2-1,35,G,C,0.0019083969465648,2,1
MIX,TRBJ2-1,36,C,*,0.0019083969465648,2,1
MIX,TRBJ2-1,36,C,C,0.0019083969465648,2,1
MIX,TRBJ2-1,28,G,T,0.0109932273145216,10,5
MIX,TRBJ2-1,29,T,*,0.0109932273145216,10,5
MIX,TRBJ2-1,29,T,G,0.0109932273145216,10,5
MIX,TRBJ2-1,11,A,GG,0.0019083969465648,2,1
MIX,TRBJ2-1,12,GG,*,0.0019083969465648,2,1
MIX,TRBJ2-1,12,GG,C,0.0019083969465648,2,1
MIX,TRBJ2-1,2,T,G,0.0197369981740256,17,7
MIX,TRBJ2-2,22,T,-,0.0097980159103119,7,2
MIX,TRBJ2-2,23,-,*,0.0097980159103119,7,2
MIX,TRBJ2-2,23,-,G,0.0063831041288663,5,2
MIX,TRBJ2-2,43,C,-,0.0059284521485522,4,2
MIX,TRBJ2-2,44,-,*,0.0059284521485522,4,2
MIX,TRBJ2-2,44,-,T,0.0059284521485522,4,2
MIX,TRBJ2-2,23,G,T,0.0023990403838464,2,1
MIX,TRBJ2-2,24,T,*,0.0058139521652919995,4,2
MIX,TRBJ2-2,24,T,A,0.0058139521652919995,4,2
MIX,TRBJ2-2,5,G,G,0.0093475210698856,6,3
MIX,TRBJ2-2,3,G,A,0.029193272412619094,17,8
MIX,TRBJ2-3,16,A,TT,0.0138459194979508,11,4
MIX,TRBJ2-3,17,TT,*,0.0138459194979508,11,4
MIX,TRBJ2-3,17,TT,T,0.0138459194979508,11,4
MIX,TRBJ2-3,4,A,G,0.0044720871461436,4,2
MIX,TRBJ2-3,14,G,G,0.0045484001335367,5,2
MIX,TRBJ2-3,15,G,*,0.0045484001335367,5,2
MIX,TRBJ2-3,15,G,A,0.0045484001335367,5,2
MIX,TRBJ2-3,19,T,C,0.0056957033389759,4,2
MIX,TRBJ2-3,20,C,*,0.0056957033389759,4,2
MIX,TRBJ2-3,20,C,G,0.0056957033389759,4,2
MIX,TRBJ2-3,27,G,T,0.0021889821233126,2,1
MIX,TRBJ2-3,28,T,*,0.0021889821233126,2,1
MIX,TRBJ2-3,28,T,C,0.0021889821233126,2,1
MIX,TRBJ2-3,8,T,T,0.007517224285478,6,3
MIX,TRBJ2-3,9,T,*,0.007517224285478,6,3
MIX,TRBJ2-3,9,T,C,0.007517224285478,6,3
MIX,TRBJ2-3,5,G,A,0.0067104591391377,4,2
MIX,TRBJ2-4,5,A,C,0.040096277133875396,10,5
MIX,TRBJ2-4,6,C,*,0.040096277133875396,10,5
MIX,TRBJ2-4,6,C,A,0.040096277133875396,10,5
MIX,TRBJ2-5,40,G,T,0.0039404553415061,3,1
MIX,TRBJ2-5,41,T,*,0.0039404553415061,3,1
MIX,TRBJ2-5,41,T,T,0.0039404553415061,3,1
MIX,TRBJ2-5,40,-,-,0.0135363529263153,8,3
MIX,TRBJ2-5,41,-,*,0.0135363529263153,8,3
MIX,TRBJ2-5,41,-,T,0.0135363529263153,8,3
MIX,TRBJ2-5,37,C,T,0.0026269702276707,2,1
MIX,TRBJ2-5,38,T,*,0.0026269702276707,2,1
MIX,TRBJ2-5,38,T,T,0.0026269702276707,2,1
MIX,TRBJ2-5,34,G,T,0.0069167700370129015,7,2
MIX,TRBJ2-5,35,T,*,0.0069167700370129015,7,2
MIX,TRBJ2-5,35,T,T,0.0069167700370129015,7,2
MIX,TRBJ2-5,14,T,T,0.0026269702276707,2,1
MIX,TRBJ2-5,15,T,*,0.0026269702276707,2,1
MIX,TRBJ2-5,15,T,C,0.0026269702276707,2,1
MIX,TRBJ2-5,12,A,T,0.0541835738171975,30,11
MIX,TRBJ2-5,13,T,*,0.0541835738171975,30,11
MIX,TRBJ2-5,13,T,T,0.0541835738171975,30,11
MIX,TRBJ2-5,10,C,T,0.0026269702276707,2,1
MIX,TRBJ2-5,11,T,*,0.0026269702276707,2,1
MIX,TRBJ2-5,11,T,A,0.0026269702276707,2,1
MIX,TRBJ2-5,6,G,T,0.0065899821167063,4,2
MIX,TRBJ2-6,5,G,C,0.030204246674445098,9,4
MIX,TRBJ2-6,6,C,*,0.030204246674445098,9,4
MIX,TRBJ2-6,6,C,G,0.030204246674445098,9,4
MIX,TRBJ2-7,15,C,G,1.8660863679553,5189,5
MIX,TRBJ2-7,16,G,*,1.8660863679553,5189,5
MIX,TRBJ2-7,16,G,T,1.8660863679553,5189,5
MIX,TRBJ2-7,25,G,A,0.0058430498926743,5,2
MIX,TRBJ2-7,26,A,*,0.0058430498926743,5,2
MIX,TRBJ2-7,26,A,C,0.0058430498926743,5,2
MIX,TRBJ1-1,46,A,T,0.0053222945002956,3,1
MIX,TRBJ1-1,14,T,C,0.007240504025838,4,2
MIX,TRBJ1-1,15,C,*,0.007240504025838,4,2
MIX,TRBJ1-1,15,C,C,0.007240504025838,4,2
MIX,TRBJ1-1,3,G,A,0.0035481963335304,2,1
MIX,TRBJ1-4,9,A,T,0.0645521397999423,16,7
MIX,TRBJ1-4,10,T,*,0.0645521397999423,16,7
MIX,TRBJ1-4,10,T,A,0.0645521397999423,16,7
MIX,TRBJ2-1,42,C,T,0.0048119591479202,4,2
MIX,TRBJ2-1,43,T,*,0.0048119591479202,4,2
MIX,TRBJ2-1,43,T,T,0.0048119591479202,4,2
MIX,TRBJ2-2,12,A,A,0.0100076479407839,7,3
MIX,TRBJ2-2,13,A,*,0.0100076479407839,7,3
MIX,TRBJ2-2,13,A,C,0.0100076479407839,7,3
MIX,TRBJ2-2,12,A,C,0.0073530398079132,4,2
MIX,TRBJ2-2,13,C,*,0.0073530398079132,4,2
MIX,TRBJ2-2,13,C,C,0.0073530398079132,4,2
MIX,TRBJ2-3,43,T,T,0.0066283340835469,4,2
MIX,TRBJ2-3,44,T,*,0.0066283340835469,4,2
MIX,TRBJ2-3,44,T,C,0.0066283340835469,4,2
MIX,TRBJ2-3,4,T,G,0.0084279648135184,7,3
MIX,TRBJ2-3,1,T,G,0.0030333670374115,2,1
MIX,TRBJ2-7,17,T,T,0.009292496737484,7,3
MIX,TRBJ2-7,18,T,*,0.009292496737484,7,3
MIX,TRBJ2-7,18,T,G,0.009292496737484,7,3
MIX,TRBJ1-3,3,T,A,0.0267923477567047,6,3
MIX,TRBJ1-3,4,A,*,0.0267923477567047,6,3
MIX,TRBJ1-3,4,A,G,0.0267923477567047,6,3
MIX,TRBJ1-4,4,T,C,0.044466942243612695,14,6
MIX,TRBJ1-4,5,C,*,0.044466942243612695,14,6
MIX,TRBJ1-4,5,C,A,0.044466942243612695,14,6
MIX,TRBJ1-6,13,C,T,0.0232743741477597,6,3
MIX,TRBJ1-6,14,T,*,0.0232743741477597,6,3
MIX,TRBJ1-6,14,T,C,0.0232743741477597,6,3
MIX,TRBJ2-1,1,A,A,0.0055949925415056,4,2
MIX,TRBJ2-1,4,A,C,0.0031628887717448,2,1
MIX,TRBJ2-1,47,T,G,0.0146143748913623,13,6
MIX,TRBJ2-1,48,G,*,0.0146143748913623,13,6
MIX,TRBJ2-1,48,G,G,0.0146143748913623,13,6
MIX,TRBJ2-4,3,G,A,0.0774307227259727,20,6
MIX,TRBJ2-5,31,G,T,0.0167851903248668,9,3
MIX,TRBJ2-5,32,T,*,0.0167851903248668,9,3
MIX,TRBJ2-5,32,T,G,0.0167851903248668,9,3
MIX,TRBJ2-5,18,T,G,0.0050335570469798,2,1
MIX,TRBJ2-5,19,G,*,0.0050335570469798,2,1
MIX,TRBJ2-5,19,G,G,0.0050335570469798,2,1
MIX,TRBJ2-7,23,C,-,0.0041722877660516,4,2
MIX,TRBJ2-7,24,-,*,0.0041722877660516,4,2
MIX,TRBJ2-7,24,-,G,0.0041722877660516,4,2
MIX,TRBJ2-7,39,G,T,0.0080833829506049,8,2
MIX,TRBJ2-7,40,T,*,0.0080833829506049,8,2
MIX,TRBJ2-7,40,T,T,0.0080833829506049,8,2
MIX,TRBJ2-3,8,T,C,0.0247206265063002,15,5
MIX,TRBJ2-3,9,C,*,0.0247206265063002,15,5
MIX,TRBJ2-3,9,C,C,0.0247206265063002,15,5
MIX,TRBJ2-7,17,T,G,0.0054844606946983,2,1
MIX,TRBJ2-7,18,G,*,0.0054844606946983,2,1
MIX,TRBJ2-7,18,G,G,0.0054844606946983,2,1
MIX,TRBJ2-1,48,A,A,0.0034146341463413997,3,1
MIX,TRBJ2-1,36,G,-,0.0092586222326887,6,3
MIX,TRBJ2-1,37,-,*,0.0092586222326887,6,3
MIX,TRBJ2-1,37,-,-,0.0092586222326887,6,3
MIX,TRBJ2-1,38,-,*,0.0092586222326887,6,3
MIX,TRBJ2-1,38,-,C,0.0092586222326887,6,3
MIX,TRBJ2-1,41,C,T,0.0151919457118306,15,6
MIX,TRBJ2-1,42,T,*,0.0151919457118306,15,6
MIX,TRBJ2-1,42,T,G,0.0151919457118306,15,6
MIX,TRBJ2-2,29,G,A,0.0039344262295081,2,1
MIX,TRBJ2-2,30,A,*,0.0039344262295081,2,1
MIX,TRBJ2-2,30,A,C,0.0039344262295081,2,1
MIX,TRBJ2-2,30,G,-,0.011094476980295599,6,3
MIX,TRBJ2-2,31,-,*,0.011094476980295599,6,3
MIX,TRBJ2-2,31,-,-,0.011094476980295599,6,3
MIX,TRBJ2-2,32,-,*,0.011094476980295599,6,3
MIX,TRBJ2-2,32,-,C,0.011094476980295599,6,3
MIX,TRBJ2-7,18,C,T,0.0047553003497893005,4,2
MIX,TRBJ2-7,19,T,*,0.0047553003497893005,4,2
MIX,TRBJ2-7,19,T,G,0.0047553003497893005,4,2
MIX,TRBJ1-1,10,A,T,0.0077817598253872,4,2
MIX,TRBJ1-1,11,T,*,0.0077817598253872,4,2
MIX,TRBJ1-1,11,T,C,0.0077817598253872,4,2
MIX,TRBJ1-1,6,G,G,0.0177254231360331,10,5
MIX,TRBJ2-1,2,A,T,0.0086193136478999,7,3
MIX,TRBJ2-1,10,G,AA,0.0032310177705977,2,1
MIX,TRBJ2-1,11,AA,*,0.0032310177705977,2,1
MIX,TRBJ2-1,11,AA,G,0.0032310177705977,2,1
MIX,TRBJ2-3,27,G,A,0.0088464720869999,8,3
MIX,TRBJ2-3,28,A,*,0.0088464720869999,8,3
MIX,TRBJ2-3,28,A,C,0.0088464720869999,8,3
MIX,TRBJ2-5,13,G,G,0.0041039671682626,2,1
MIX,TRBJ2-5,14,G,*,0.0041039671682626,2,1
MIX,TRBJ2-5,14,G,A,0.0041039671682626,2,1
MIX,TRBJ2-5,34,G,A,0.0041039671682626,2,1
MIX,TRBJ2-5,35,A,*,0.0041039671682626,2,1
MIX,TRBJ2-5,35,A,T,0.0041039671682626,2,1
MIX,TRBJ2-5,35,C,C,0.0041039671682626,2,1
MIX,TRBJ2-5,36,C,*,0.0041039671682626,2,1
MIX,TRBJ2-5,36,C,C,0.0041039671682626,2,1
MIX,TRBJ2-7,45,A,T,0.0056227298473132,4,2
MIX,TRBJ2-7,13,T,G,0.013466956005387899,9,4
MIX,TRBJ2-7,14,G,*,0.013466956005387899,9,4
MIX,TRBJ2-7,14,G,C,0.013466956005387899,9,4
MIX,TRBJ2-7,2,T,A,0.0061352887795325,6,2
MIX,TRBJ1-3,6,G,G,0.0082872928176795,2,1
MIX,TRBJ1-5,29,G,-,0.0060851926977687,2,1
MIX,TRBJ1-5,30,-,*,0.0060851926977687,2,1
MIX,TRBJ1-5,30,-,-,0.0060851926977687,2,1
MIX,TRBJ1-5,31,-,*,0.0060851926977687,2,1
MIX,TRBJ1-5,31,-,-,0.0060851926977687,2,1
MIX,TRBJ1-5,32,-,*,0.0060851926977687,2,1
MIX,TRBJ1-5,32,-,-,0.0060851926977687,2,1
MIX,TRBJ1-5,33,-,*,0.0060851926977687,2,1
MIX,TRBJ1-5,33,-,-,0.0060851926977687,2,1
MIX,TRBJ1-5,34,-,*,0.0060851926977687,2,1
MIX,TRBJ1-5,34,-,G,0.0060851926977687,2,1
MIX,TRBJ1-6,16,C,C,0.013305420208021501,4,2
MIX,TRBJ1-6,17,C,*,0.013305420208021501,4,2
MIX,TRBJ1-6,17,C,C,0.013305420208021501,4,2
MIX,TRBJ2-1,24,G,-,0.0030410542321338,2,1
MIX,TRBJ2-1,25,-,*,0.0048031687695787,4,2
MIX,TRBJ2-1,25,-,-,0.0048031687695787,4,2
MIX,TRBJ2-1,26,-,*,0.0048031687695787,4,2
MIX,TRBJ2-1,26,-,-,0.0048031687695787,4,2
MIX,TRBJ2-1,27,-,*,0.0048031687695787,4,2
MIX,TRBJ2-1,27,-,G,0.0048031687695787,4,2
MIX,TRBJ2-1,20,T,T,0.0086274206694866,6,3
MIX,TRBJ2-1,21,T,*,0.0086274206694866,6,3
MIX,TRBJ2-1,21,T,G,0.0086274206694866,6,3
MIX,TRBJ2-2,14,C,-,0.0046635576282478,3,1
MIX,TRBJ2-2,15,-,*,0.0046635576282478,3,1
MIX,TRBJ2-2,15,-,-,0.0046635576282478,3,1
MIX,TRBJ2-3,2,T,G,0.017347320730509,14,5
MIX,TRBJ2-3,24,C,T,0.0035067212156633,2,1
MIX,TRBJ2-3,25,T,*,0.0035067212156633,2,1
MIX,TRBJ2-3,25,T,A,0.0035067212156633,2,1
MIX,TRBJ2-4,6,A,T,0.035212199525186595,9,4
MIX,TRBJ2-4,7,T,*,0.035212199525186595,9,4
MIX,TRBJ2-4,7,T,A,0.035212199525186595,9,4
MIX,TRBJ2-5,26,G,A,0.0133323650555379,8,4
MIX,TRBJ2-5,27,A,*,0.0133323650555379,8,4
MIX,TRBJ2-5,27,A,C,0.0133323650555379,8,4
MIX,TRBJ2-7,22,C,G,0.0028544243577545,2,1
MIX,TRBJ2-7,23,G,*,0.0028544243577545,2,1
MIX,TRBJ2-7,23,G,G,0.0028544243577545,2,1
MIX,TRBJ2-7,8,A,GGG,0.0028544243577545,2,1
MIX,TRBJ2-7,9,GGG,*,0.0028544243577545,2,1
MIX,TRBJ2-7,9,GGG,C,0.0028544243577545,2,1
MIX,TRBJ1-2,11,T,C,0.0043103448275862,2,1
MIX,TRBJ1-2,12,C,*,0.0043103448275862,2,1
MIX,TRBJ1-2,12,C,C,0.0043103448275862,2,1
MIX,TRBJ1-2,11,T,T,0.0129792816070662,6,3
MIX,TRBJ1-2,12,T,*,0.0129792816070662,6,3
MIX,TRBJ1-2,12,T,C,0.0129792816070662,6,3
MIX,TRBJ1-4,9,A,C,0.0207992170640227,8,3
MIX,TRBJ1-4,10,C,*,0.0207992170640227,8,3
MIX,TRBJ1-4,10,C,A,0.0207992170640227,8,3
MIX,TRBJ1-6,26,G,A,0.0162082728592162,4,2
MIX,TRBJ1-6,27,A,*,0.0162082728592162,4,2
MIX,TRBJ1-6,27,A,A,0.0162082728592162,4,2
MIX,TRBJ2-2,45,T,G,0.0035294117647057996,3,1
MIX,TRBJ2-2,46,G,*,0.0035294117647057996,3,1
MIX,TRBJ2-2,46,G,C,0.0035294117647057996,3,1
MIX,TRBJ2-3,35,G,T,0.006927067871128199,5,2
MIX,TRBJ2-3,36,T,*,0.006927067871128199,5,2
MIX,TRBJ2-3,36,T,T,0.006927067871128199,5,2
MIX,TRBJ2-3,41,A,T,0.0075769311694647,4,2
MIX,TRBJ2-3,42,T,*,0.0075769311694647,4,2
MIX,TRBJ2-3,42,T,T,0.0075769311694647,4,2
MIX,TRBJ2-7,22,C,T,0.010999077251614302,11,5
MIX,TRBJ2-7,23,T,*,0.010999077251614302,11,5
MIX,TRBJ2-7,23,T,G,0.010999077251614302,11,5
MIX,TRBJ2-7,3,T,G,0.0051679672828944,5,2
MIX,TRBJ2-5,30,C,A,0.0144557102658802,9,4
MIX,TRBJ2-5,31,A,*,0.0144557102658802,9,4
MIX,TRBJ2-5,31,A,C,0.0144557102658802,9,4
MIX,TRBJ2-5,0,G,G,0.0046765393608729,2,1
MIX,TRBJ2-7,4,A,T,0.0065699893223423005,5,2
MIX,TRBJ2-7,1,A,T,0.0109614737527663,12,5
MIX,TRBJ1-2,19,C,-,0.0209144010434671,9,2
MIX,TRBJ1-2,20,-,*,0.0209144010434671,9,2
MIX,TRBJ1-2,20,-,G,0.0158850632396113,6,2
MIX,TRBJ1-2,20,-,T,0.0050293378038558,3,1
MIX,TRBJ1-1,20,G,T,0.010340567377659302,6,2
MIX,TRBJ1-1,21,T,*,0.010340567377659302,6,2
MIX,TRBJ1-1,21,T,A,0.010340567377659302,6,2
MIX,TRBJ1-2,8,G,C,0.013544867064198801,6,3
MIX,TRBJ1-2,9,C,*,0.013544867064198801,6,3
MIX,TRBJ1-2,9,C,C,0.013544867064198801,6,3
MIX,TRBJ1-2,45,T,G,0.0048820179007323,2,1
MIX,TRBJ1-2,46,G,*,0.0048820179007323,2,1
MIX,TRBJ1-2,46,G,G,0.0048820179007323,2,1
MIX,TRBJ1-2,29,A,T,0.0086414163969729,4,2
MIX,TRBJ1-2,30,T,*,0.0086414163969729,4,2
MIX,TRBJ1-2,30,T,C,0.0086414163969729,4,2
MIX,TRBJ1-2,2,T,C,0.0048820179007323,2,1
MIX,TRBJ1-3,42,T,-,0.009375,2,1
MIX,TRBJ1-3,43,-,*,0.009375,2,1
MIX,TRBJ1-3,43,-,T,0.009375,2,1
MIX,TRBJ1-4,15,T,T,0.0232181767790266,6,3
MIX,TRBJ1-4,16,T,*,0.0232181767790266,6,3
MIX,TRBJ1-4,16,T,T,0.0232181767790266,6,3
MIX,TRBJ1-5,0,G,*,0.0058708414872798,2,1
MIX,TRBJ1-5,0,G,A,0.0058708414872798,2,1
MIX,TRBJ2-1,29,G,A,0.0055079639276921,5,2
MIX,TRBJ2-1,30,A,*,0.0055079639276921,5,2
MIX,TRBJ2-1,30,A,A,0.0055079639276921,5,2
MIX,TRBJ2-2,12,A,T,0.003831417624521,2,1
MIX,TRBJ2-2,13,T,*,0.003831417624521,2,1
MIX,TRBJ2-2,13,T,C,0.003831417624521,2,1
MIX,TRBJ2-3,2,A,G,0.0187111750972645,13,5
MIX,TRBJ2-3,10,C,C,0.006329698130912,4,2
MIX,TRBJ2-3,11,C,*,0.006329698130912,4,2
MIX,TRBJ2-3,11,C,C,0.006329698130912,4,2
MIX,TRBJ2-7,12,G,A,0.005418990282139699,5,2
MIX,TRBJ2-7,13,A,*,0.005418990282139699,5,2
MIX,TRBJ2-7,13,A,A,0.005418990282139699,5,2
MIX,TRBJ2-7,29,C,T,0.0112983983119621,10,5
MIX,TRBJ2-7,30,T,*,0.0112983983119621,10,5
MIX,TRBJ2-7,30,T,A,0.0112983983119621,10,5
MIX,TRBJ1-2,41,G,TT,0.0149902383564908,6,3
MIX,TRBJ1-2,42,TT,*,0.0149902383564908,6,3
MIX,TRBJ1-2,42,TT,T,0.0149902383564908,6,3
MIX,TRBJ1-3,4,G,T,0.0183510975764496,5,2
MIX,TRBJ1-3,5,T,*,0.0183510975764496,5,2
MIX,TRBJ1-3,5,T,A,0.0183510975764496,5,2
MIX,TRBJ1-5,34,C,T,0.0049423393739703,2,1
MIX,TRBJ1-5,35,T,*,0.0049423393739703,2,1
MIX,TRBJ1-5,35,T,A,0.0049423393739703,2,1
MIX,TRBJ2-1,18,C,C,0.006651592103311401,7,2
MIX,TRBJ2-1,19,C,*,0.006651592103311401,7,2
MIX,TRBJ2-1,19,C,T,0.006651592103311401,7,2
MIX,TRBJ2-1,0,A,G,0.0074261415636244,8,3
MIX,TRBJ2-1,35,G,T,0.0029910269192422,3,1
MIX,TRBJ2-1,36,T,*,0.0029910269192422,3,1
MIX,TRBJ2-1,36,T,C,0.0029910269192422,3,1
MIX,TRBJ2-1,3,C,-,0.0040183094441372,4,2
MIX,TRBJ2-1,4,-,*,0.0040183094441372,4,2
MIX,TRBJ2-1,4,-,-,0.0040183094441372,4,2
MIX,TRBJ2-1,5,-,*,0.0040183094441372,4,2
MIX,TRBJ2-1,5,-,C,0.0040183094441372,4,2
MIX,TRBJ2-1,23,G,C,0.0019940179461615,2,1
MIX,TRBJ2-1,24,C,*,0.0019940179461615,2,1
MIX,TRBJ2-1,24,C,C,0.0019940179461615,2,1
MIX,TRBJ2-2,42,C,T,0.0056042941835824,4,2
MIX,TRBJ2-2,43,T,*,0.0056042941835824,4,2
MIX,TRBJ2-2,43,T,G,0.0056042941835824,4,2
MIX,TRBJ2-3,37,T,T,0.0032036613272311,3,1
MIX,TRBJ2-3,38,T,*,0.0032036613272311,3,1
MIX,TRBJ2-3,38,T,A,0.0032036613272311,3,1
MIX,TRBJ2-3,25,C,G,0.0049575693267688,4,2
MIX,TRBJ2-3,26,G,*,0.0049575693267688,4,2
MIX,TRBJ2-3,26,G,G,0.0049575693267688,4,2
MIX,TRBJ2-3,12,C,C,0.0050291004461719,4,2
MIX,TRBJ2-3,13,C,*,0.0050291004461719,4,2
MIX,TRBJ2-3,13,C,G,0.0050291004461719,4,2
MIX,TRBJ2-3,2,T,C,0.0119497432756447,10,4
MIX,TRBJ2-4,0,A,C,0.0200464261887571,5,2
MIX,TRBJ2-4,1,C,*,0.0200464261887571,5,2
MIX,TRBJ2-4,1,C,C,0.0200464261887571,5,2
MIX,TRBJ2-5,11,C,-,0.0032967032967032,2,1
MIX,TRBJ2-5,12,-,*,0.0032967032967032,2,1
MIX,TRBJ2-5,12,-,-,0.0032967032967032,2,1
MIX,TRBJ2-5,13,-,*,0.0032967032967032,2,1
MIX,TRBJ2-5,13,-,T,0.0032967032967032,2,1
MIX,TRBJ2-7,1,C,G,0.0064800829487279,7,2
MIX,TRBJ2-7,3,T,C,0.0027539779681762,3,1
MIX,TRBJ2-7,11,A,C,0.0018359853121175,2,1
MIX,TRBJ2-7,12,C,*,0.0018359853121175,2,1
MIX,TRBJ2-7,12,C,T,0.0018359853121175,2,1
MIX,TRBJ2-7,15,C,C,0.0036747839636651,4,2
MIX,TRBJ2-7,16,C,*,0.0036747839636651,4,2
MIX,TRBJ2-7,16,C,T,0.0036747839636651,4,2
MIX,TRBJ2-7,18,C,A,0.0032884181370993,4,2
MIX,TRBJ2-7,19,A,*,0.0032884181370993,4,2
MIX,TRBJ2-7,19,A,G,0.0032884181370993,4,2
MIX,TRBJ2-7,24,G,T,0.0035347395590031,4,2
MIX,TRBJ2-7,25,T,*,0.0035347395590031,4,2
MIX,TRBJ2-7,25,T,G,0.0035347395590031,4,2
MIX,TRBJ2-7,19,G,T,0.0043880907991442,4,2
MIX,TRBJ2-7,20,T,*,0.0043880907991442,4,2
MIX,TRBJ2-7,20,T,G,0.0043880907991442,4,2
MIX,TRBJ2-7,6,C,T,0.0035347395590031,4,2
MIX,TRBJ2-7,7,T,*,0.0035347395590031,4,2
MIX,TRBJ2-7,7,T,A,0.0035347395590031,4,2
MIX,TRBJ1-4,24,G,T,0.0123658719753572,4,2
MIX,TRBJ1-4,25,T,*,0.0123658719753572,4,2
MIX,TRBJ1-4,25,T,A,0.0123658719753572,4,2
MIX,TRBJ1-5,11,C,A,0.0047430830039525,3,1
MIX,TRBJ1-5,12,A,*,0.0047430830039525,3,1
MIX,TRBJ1-5,12,A,C,0.0047430830039525,3,1
MIX,TRBJ1-5,48,A,T,0.0047430830039525,2,1
MIX,TRBJ1-5,21,T,-,0.0047430830039525,2,1
MIX,TRBJ1-5,22,-,*,0.0047430830039525,2,1
MIX,TRBJ1-5,22,-,G,0.0047430830039525,2,1
MIX,TRBJ1-5,10,C,G,0.0100575205593112,4,2
MIX,TRBJ1-5,11,G,*,0.0100575205593112,4,2
MIX,TRBJ1-5,11,G,C,0.0100575205593112,4,2
MIX,TRBJ2-1,27,A,T,0.0059944089071682,7,3
MIX,TRBJ2-1,28,T,*,0.0059944089071682,7,3
MIX,TRBJ2-1,28,T,G,0.0059944089071682,7,3
MIX,TRBJ2-1,3,G,A,0.0064563365853836,7,3
MIX,TRBJ2-1,26,C,G,0.013314966588302099,16,4
MIX,TRBJ2-1,27,G,*,0.013314966588302099,16,4
MIX,TRBJ2-1,27,G,G,0.013314966588302099,16,4
MIX,TRBJ2-1,16,T,-,0.0017376194613379,2,1
MIX,TRBJ2-1,17,-,*,0.0017376194613379,2,1
MIX,TRBJ2-1,17,-,-,0.0017376194613379,2,1
MIX,TRBJ2-1,18,-,*,0.0017376194613379,2,1
MIX,TRBJ2-1,18,-,T,0.0017376194613379,2,1
MIX,TRBJ2-1,1,T,G,0.0045731582137008,4,2
MIX,TRBJ2-1,2,G,G,0.0045731582137008,4,2
MIX,TRBJ2-2,49,G,T,0.0026642984014209,2,1
MIX,TRBJ2-2,46,A,T,0.015839185927288998,10,5
MIX,TRBJ2-2,47,T,*,0.015839185927288998,10,5
MIX,TRBJ2-2,47,T,T,0.015839185927288998,10,5
MIX,TRBJ2-2,13,G,T,0.016029118960665,10,4
MIX,TRBJ2-2,14,T,*,0.016029118960665,10,4
MIX,TRBJ2-2,14,T,T,0.016029118960665,10,4
MIX,TRBJ2-3,17,-,-,0.002283105022831,2,1
MIX,TRBJ2-3,18,-,*,0.002283105022831,2,1
MIX,TRBJ2-3,18,-,T,0.002283105022831,2,1
MIX,TRBJ2-3,43,T,-,0.002283105022831,2,1
MIX,TRBJ2-3,44,-,*,0.002283105022831,2,1
MIX,TRBJ2-3,44,-,C,0.002283105022831,2,1
MIX,TRBJ2-3,28,G,T,0.0086798407326819,6,3
MIX,TRBJ2-3,29,T,*,0.0086798407326819,6,3
MIX,TRBJ2-3,29,T,A,0.0086798407326819,6,3
MIX,TRBJ2-3,11,G,T,0.004642523033055099,4,2
MIX,TRBJ2-3,12,T,*,0.004642523033055099,4,2
MIX,TRBJ2-3,12,T,A,0.004642523033055099,4,2
MIX,TRBJ2-3,4,T,T,0.005140247879973799,4,2
MIX,TRBJ2-4,5,A,T,0.015091061463932999,5,2
MIX,TRBJ2-4,6,T,*,0.015091061463932999,5,2
MIX,TRBJ2-4,6,T,A,0.015091061463932999,5,2
MIX,TRBJ2-4,9,C,G,0.005911330049261,2,1
MIX,TRBJ2-4,10,G,*,0.005911330049261,2,1
MIX,TRBJ2-4,10,G,T,0.005911330049261,2,1
MIX,TRBJ2-4,6,A,C,0.0146961031092902,4,2
MIX,TRBJ2-4,7,C,*,0.0146961031092902,4,2
MIX,TRBJ2-4,7,C,A,0.0146961031092902,4,2
MIX,TRBJ2-5,13,G,C,0.0119335831610075,7,3
MIX,TRBJ2-5,14,C,*,0.0119335831610075,7,3
MIX,TRBJ2-5,14,C,A,0.0119335831610075,7,3
MIX,TRBJ2-5,13,G,A,0.0027985074626865,2,1
MIX,TRBJ2-5,14,A,*,0.0027985074626865,2,1
MIX,TRBJ2-5,14,A,A,0.0027985074626865,2,1
MIX,TRBJ2-5,19,C,A,0.0027985074626865,2,1
MIX,TRBJ2-5,20,A,*,0.0027985074626865,2,1
MIX,TRBJ2-5,20,A,G,0.0027985074626865,2,1
MIX,TRBJ2-5,42,T,A,0.0027985074626865,2,1
MIX,TRBJ2-5,43,A,*,0.0027985074626865,2,1
MIX,TRBJ2-5,43,A,C,0.0027985074626865,2,1
MIX,TRBJ2-6,6,G,C,0.0105140186915887,3,1
MIX,TRBJ2-6,7,C,*,0.0105140186915887,3,1
MIX,TRBJ2-6,7,C,C,0.0105140186915887,3,1
MIX,TRBJ2-7,36,C,G,0.0025481313703284,3,1
MIX,TRBJ2-7,37,G,*,0.0025481313703284,3,1
MIX,TRBJ2-7,37,G,C,0.0025481313703284,3,1
MIX,TRBJ2-7,23,C,GG,0.0025481313703284,3,1
MIX,TRBJ2-7,24,GG,*,0.0025481313703284,3,1
MIX,TRBJ2-7,24,GG,G,0.0025481313703284,3,1
MIX,TRBJ2-7,1,C,A,0.0086289179643267,10,4
MIX,TRBJ1-3,2,T,C,0.0063965884861407,2,1
MIX,TRBJ1-4,15,T,-,0.0057915057915057,2,1
MIX,TRBJ1-4,16,-,*,0.0057915057915057,2,1
MIX,TRBJ1-4,16,-,T,0.0057915057915057,2,1
MIX,TRBJ1-4,12,A,T,0.0057915057915057,2,1
MIX,TRBJ1-4,13,T,*,0.0057915057915057,2,1
MIX,TRBJ1-4,13,T,C,0.0057915057915057,2,1
MIX,TRBJ2-2,8,G,C,0.010357449547746301,7,3
MIX,TRBJ2-2,9,C,*,0.010357449547746301,7,3
MIX,TRBJ2-2,9,C,G,0.010357449547746301,7,3
MIX,TRBJ2-3,2,A,T,0.0027526543452615,3,1
MIX,TRBJ2-4,3,A,G,0.0055917986952469,3,1
MIX,TRBJ2-4,7,G,G,0.0055917986952469,2,1
MIX,TRBJ2-5,20,G,T,0.0029182879377431,2,1
MIX,TRBJ2-5,21,T,*,0.0029182879377431,2,1
MIX,TRBJ2-5,21,T,G,0.0029182879377431,2,1
MIX,TRBJ2-7,20,G,T,0.0027581979773214,3,1
MIX,TRBJ2-7,21,T,*,0.0027581979773214,3,1
MIX,TRBJ2-7,21,T,C,0.0027581979773214,3,1
MIX,TRBJ2-7,38,C,A,0.0037108735345429,4,2
MIX,TRBJ2-7,39,A,*,0.0037108735345429,4,2
MIX,TRBJ2-7,39,A,G,0.0037108735345429,4,2
MIX,TRBJ1-2,19,C,T,0.0043859649122807,3,1
MIX,TRBJ1-2,20,T,*,0.0043859649122807,3,1
MIX,TRBJ1-2,20,T,G,0.0043859649122807,3,1
MIX,TRBJ1-2,43,T,T,0.012676388381159899,6,3
MIX,TRBJ1-2,44,T,*,0.012676388381159899,6,3
MIX,TRBJ1-2,44,T,T,0.012676388381159899,6,3
MIX,TRBJ1-2,6,T,A,0.0037593984962406,2,1
MIX,TRBJ1-2,7,A,*,0.0037593984962406,2,1
MIX,TRBJ1-2,7,A,G,0.0037593984962406,2,1
MIX,TRBJ1-3,21,T,-,0.0062305295950155,2,1
MIX,TRBJ1-3,22,-,*,0.0062305295950155,2,1
MIX,TRBJ1-3,22,-,G,0.0062305295950155,2,1
MIX,TRBJ1-4,39,T,T,0.005459508644222,2,1
MIX,TRBJ1-4,40,T,*,0.005459508644222,2,1
MIX,TRBJ1-4,40,T,T,0.005459508644222,2,1
MIX,TRBJ1-4,12,A,G,0.005459508644221999,3,1
MIX,TRBJ1-4,13,G,*,0.005459508644221999,3,1
MIX,TRBJ1-4,13,G,C,0.005459508644221999,3,1
MIX,TRBJ1-6,3,G,A,0.0056764427625354,2,1
MIX,TRBJ2-1,19,T,C,0.0055393021125883,4,2
MIX,TRBJ2-1,20,C,*,0.0055393021125883,4,2
MIX,TRBJ2-1,20,C,C,0.0055393021125883,4,2
MIX,TRBJ2-1,21,C,A,0.006379126669905,6,3
MIX,TRBJ2-1,22,A,*,0.006379126669905,6,3
MIX,TRBJ2-1,22,A,G,0.006379126669905,6,3
MIX,TRBJ2-1,48,A,C,0.0031071983428275,2,1
MIX,TRBJ2-2,23,G,-,0.0092844171019103,6,2
MIX,TRBJ2-2,24,-,*,0.0092844171019103,6,2
MIX,TRBJ2-2,24,-,-,0.0092844171019103,6,2
MIX,TRBJ2-2,25,-,*,0.013847154744495799,8,3
MIX,TRBJ2-2,25,-,G,0.0092844171019103,6,2
MIX,TRBJ2-3,33,C,-,0.0029311187103077,2,1
MIX,TRBJ2-3,34,-,*,0.0029311187103077,2,1
MIX,TRBJ2-3,34,-,G,0.0029311187103077,2,1
MIX,TRBJ2-4,13,C,G,0.0165444739632623,4,2
MIX,TRBJ2-4,14,G,*,0.0165444739632623,4,2
MIX,TRBJ2-4,14,G,G,0.0165444739632623,4,2
MIX,TRBJ2-5,43,G,T,0.0236360886113917,10,4
MIX,TRBJ2-5,44,T,*,0.0236360886113917,10,4
MIX,TRBJ2-5,44,T,T,0.0236360886113917,10,4
MIX,TRBJ2-5,38,C,-,0.0109093826986446,6,2
MIX,TRBJ2-5,39,-,*,0.0109093826986446,6,2
MIX,TRBJ2-5,39,-,-,0.0109093826986446,6,2
MIX,TRBJ2-7,40,G,C,0.0063096693999478,4,2
MIX,TRBJ2-7,41,C,*,0.0063096693999478,4,2
MIX,TRBJ2-7,41,C,C,0.0063096693999478,4,2
MIX,TRBJ1-1,43,T,T,0.0133333333333333,3,1
MIX,TRBJ1-1,44,T,*,0.0133333333333333,3,1
MIX,TRBJ1-1,44,T,T,0.0133333333333333,3,1
MIX,TRBJ1-1,12,C,-,0.012907643075091,4,2
MIX,TRBJ1-1,13,-,*,0.012907643075091,4,2
MIX,TRBJ1-1,13,-,T,0.012907643075091,4,2
MIX,TRBJ2-1,16,T,A,0.007731598674969299,8,2
MIX,TRBJ2-1,17,A,*,0.007731598674969299,8,2
MIX,TRBJ2-1,17,A,C,0.007731598674969299,8,2
MIX,TRBJ2-5,42,T,C,0.0090497737556561,2,1
MIX,TRBJ2-5,43,C,*,0.0090497737556561,2,1
MIX,TRBJ2-5,43,C,C,0.0090497737556561,2,1
MIX,TRBJ2-2,44,G,C,0.0034227039361095,2,1
MIX,TRBJ2-2,45,C,*,0.0034227039361095,2,1
MIX,TRBJ2-2,45,C,A,0.0034227039361095,2,1
MIX,TRBJ2-3,13,A,A,0.0052868365718033005,4,2
MIX,TRBJ2-3,14,A,*,0.0052868365718033005,4,2
MIX,TRBJ2-3,14,A,T,0.0052868365718033005,4,2
MIX,TRBJ2-5,2,A,G,0.0033879164313946,2,1
MIX,TRBJ1-1,35,C,-,0.0031347962382445,2,1
MIX,TRBJ1-1,36,-,*,0.0031347962382445,2,1
MIX,TRBJ1-1,36,-,-,0.0031347962382445,2,1
MIX,TRBJ1-1,37,-,*,0.0165284999458551,9,4
MIX,TRBJ1-1,37,-,-,0.0165284999458551,9,4
MIX,TRBJ1-1,38,-,*,0.0165284999458551,9,4
MIX,TRBJ1-1,38,-,C,0.0165284999458551,9,4
MIX,TRBJ1-1,37,C,G,0.0031347962382445,2,1
MIX,TRBJ1-1,38,G,*,0.0031347962382445,2,1
MIX,TRBJ1-1,38,G,C,0.0031347962382445,2,1
MIX,TRBJ1-2,0,G,G,0.0043923865300146,2,1
MIX,TRBJ1-4,7,T,A,0.0137748326422201,5,2
MIX,TRBJ1-4,8,A,*,0.0137748326422201,5,2
MIX,TRBJ1-4,8,A,A,0.0137748326422201,5,2
MIX,TRBJ1-4,7,T,C,0.016955005352394602,4,2
MIX,TRBJ1-4,8,C,*,0.016955005352394602,4,2
MIX,TRBJ1-4,8,C,A,0.016955005352394602,4,2
MIX,TRBJ1-5,46,C,C,0.004885993485342,2,1
MIX,TRBJ1-5,47,C,*,0.004885993485342,2,1
MIX,TRBJ1-5,47,C,A,0.004885993485342,2,1
MIX,TRBJ1-6,37,A,T,0.0080213903743315,2,1
MIX,TRBJ1-6,38,T,*,0.0080213903743315,2,1
MIX,TRBJ1-6,38,T,G,0.0080213903743315,2,1
MIX,TRBJ2-1,15,G,A,0.00816276456448,8,3
MIX,TRBJ2-1,16,A,*,0.00816276456448,8,3
MIX,TRBJ2-1,16,A,T,0.00816276456448,8,3
MIX,TRBJ2-1,43,G,C,0.0035341052876083,4,2
MIX,TRBJ2-1,44,C,*,0.0035341052876083,4,2
MIX,TRBJ2-1,44,C,G,0.0035341052876083,4,2
MIX,TRBJ2-3,8,G,G,0.0025521054870267,2,1
MIX,TRBJ2-5,0,A,A,0.0209738398128961,12,5
MIX,TRBJ2-6,6,G,T,0.0158640404611566,4,2
MIX,TRBJ2-6,7,T,*,0.0158640404611566,4,2
MIX,TRBJ2-6,7,T,C,0.0158640404611566,4,2
MIX,TRBJ2-6,3,T,T,0.0186833115431655,4,2
MIX,TRBJ2-6,4,T,*,0.0186833115431655,4,2
MIX,TRBJ2-6,4,T,G,0.0186833115431655,4,2
MIX,TRBJ2-7,27,C,G,0.0064875890211404,6,2
MIX,TRBJ2-7,28,G,*,0.0064875890211404,6,2
MIX,TRBJ2-7,28,G,C,0.0064875890211404,6,2
MIX,TRBJ2-7,32,G,T,0.004424180370022,4,2
MIX,TRBJ2-7,33,T,*,0.004424180370022,4,2
MIX,TRBJ2-7,33,T,C,0.004424180370022,4,2
MIX,TRBJ2-7,13,T,T,0.004050724120468,5,2
MIX,TRBJ2-7,14,T,*,0.004050724120468,5,2
MIX,TRBJ2-7,14,T,C,0.004050724120468,5,2
MIX,TRBJ1-1,36,T,-,0.013393703707610602,7,3
MIX,TRBJ1-1,30,C,T,0.0031463030938647,2,1
MIX,TRBJ1-1,31,T,*,0.0031463030938647,2,1
MIX,TRBJ1-1,31,T,A,0.0031463030938647,2,1
MIX,TRBJ1-1,19,T,T,0.0104014421506966,4,2
MIX,TRBJ1-1,20,T,*,0.0104014421506966,4,2
MIX,TRBJ1-1,20,T,G,0.0104014421506966,4,2
MIX,TRBJ1-6,9,T,A,0.0148756252383194,4,2
MIX,TRBJ1-6,10,A,*,0.0148756252383194,4,2
MIX,TRBJ1-6,10,A,C,0.0148756252383194,4,2
MIX,TRBJ2-1,31,A,T,0.007494024937250699,6,3
MIX,TRBJ2-1,32,T,*,0.007494024937250699,6,3
MIX,TRBJ2-1,32,T,A,0.007494024937250699,6,3
MIX,TRBJ2-1,20,T,G,0.0023183925811437,2,1
MIX,TRBJ2-1,21,G,*,0.0023183925811437,2,1
MIX,TRBJ2-1,21,G,G,0.0023183925811437,2,1
MIX,TRBJ2-2,30,G,T,0.0033975084937712,2,1
MIX,TRBJ2-2,31,T,*,0.0033975084937712,2,1
MIX,TRBJ2-2,31,T,T,0.0033975084937712,2,1
MIX,TRBJ2-3,33,C,A,0.0028571428571428,2,1
MIX,TRBJ2-3,34,A,*,0.0028571428571428,2,1
MIX,TRBJ2-3,34,A,G,0.0028571428571428,2,1
MIX,TRBJ2-3,41,A,A,0.0028571428571428,2,1
MIX,TRBJ2-3,42,A,*,0.0028571428571428,2,1
MIX,TRBJ2-3,42,A,T,0.0028571428571428,2,1
MIX,TRBJ2-5,18,T,T,0.004778972520908,4,1
MIX,TRBJ2-5,19,T,*,0.004778972520908,4,1
MIX,TRBJ2-5,19,T,G,0.004778972520908,4,1
MIX,TRBJ2-5,26,G,T,0.0041816009557945,3,1
MIX,TRBJ2-5,27,T,*,0.0041816009557945,3,1
MIX,TRBJ2-5,27,T,C,0.0041816009557945,3,1
MIX,TRBJ2-5,11,C,T,0.003584229390681,2,1
MIX,TRBJ2-5,12,T,*,0.003584229390681,2,1
MIX,TRBJ2-5,12,T,G,0.003584229390681,2,1
MIX,TRBJ1-1,15,T,A,0.0076875337831074,4,2
MIX,TRBJ1-1,16,A,*,0.0076875337831074,4,2
MIX,TRBJ1-1,16,A,T,0.0035863717872086,2,1
MIX,TRBJ1-2,34,G,C,0.0046692607003891,2,1
MIX,TRBJ1-2,35,C,*,0.0046692607003891,2,1
MIX,TRBJ1-2,35,C,T,0.0046692607003891,2,1
MIX,TRBJ1-2,32,A,-,0.0046692607003891,2,1
MIX,TRBJ1-2,33,-,*,0.0046692607003891,2,1
MIX,TRBJ1-2,33,-,G,0.0046692607003891,2,1
MIX,TRBJ1-2,2,G,T,0.0046692607003891,2,1
MIX,TRBJ2-2,2,G,C,0.0036764705882352,2,1
MIX,TRBJ2-5,12,A,C,0.0039630118890356,2,1
MIX,TRBJ2-5,13,C,*,0.0039630118890356,2,1
MIX,TRBJ2-5,13,C,T,0.0039630118890356,2,1
MIX,TRBJ2-5,30,C,T,0.0039630118890356,2,1
MIX,TRBJ2-5,31,T,*,0.0039630118890356,2,1
MIX,TRBJ2-5,31,T,C,0.0039630118890356,2,1
MIX,TRBJ2-7,9,G,AC,0.0025521054870267,4,1
MIX,TRBJ2-7,10,AC,*,0.0025521054870267,4,1
MIX,TRBJ2-7,10,AC,A,0.0025521054870267,4,1
MIX,TRBJ1-2,2,G,G,0.0049833887043189,2,1
MIX,TRBJ1-6,37,A,A,0.0079470198675496,2,1
MIX,TRBJ1-6,38,A,*,0.0079470198675496,2,1
MIX,TRBJ1-6,38,A,G,0.0079470198675496,2,1
MIX,TRBJ2-3,26,A,T,0.0060347348992949,4,2
MIX,TRBJ2-3,27,T,*,0.0060347348992949,4,2
MIX,TRBJ2-3,27,T,G,0.0060347348992949,4,2
MIX,TRBJ2-3,7,G,G,0.0082124576178857,7,3
MIX,TRBJ2-3,0,T,T,0.0028517110266159,2,1
MIX,TRBJ2-7,20,G,-,0.0061216010693106995,5,2
MIX,TRBJ2-7,21,-,*,0.0061216010693106995,5,2
MIX,TRBJ2-7,21,-,-,0.0061216010693106995,5,2
MIX,TRBJ2-7,22,-,*,0.0061216010693106995,5,2
MIX,TRBJ2-7,22,-,-,0.0061216010693106995,5,2
MIX,TRBJ2-7,23,-,*,0.0061216010693106995,5,2
MIX,TRBJ2-7,23,-,G,0.0061216010693106995,5,2
MIX,TRBJ2-7,31,A,T,0.0026338893766461,2,1
MIX,TRBJ2-7,32,T,*,0.0026338893766461,2,1
MIX,TRBJ2-7,32,T,G,0.0026338893766461,2,1
MIX,TRBJ1-1,16,A,G,0.0041011619958988,2,1
MIX,TRBJ1-1,17,G,*,0.0041011619958988,2,1
MIX,TRBJ1-1,17,G,T,0.0041011619958988,2,1
MIX,TRBJ2-2,14,C,A,0.0045766590389016,2,1
MIX,TRBJ2-2,15,A,*,0.0045766590389016,2,1
MIX,TRBJ2-2,15,A,G,0.0045766590389016,2,1
MIX,TRBJ1-1,29,A,T,0.0045918367346938,3,1
MIX,TRBJ1-1,30,T,*,0.0045918367346938,3,1
MIX,TRBJ1-1,30,T,C,0.0045918367346938,3,1
MIX,TRBJ1-1,11,G,G,0.0068287164165989,6,2
MIX,TRBJ1-1,12,G,*,0.0068287164165989,6,2
MIX,TRBJ1-1,12,G,T,0.0068287164165989,6,2
MIX,TRBJ2-3,9,G,G,0.0028571428571428,2,1
MIX,TRBJ2-4,15,G,G,0.0093085106382978,3,1
MIX,TRBJ2-4,16,G,*,0.0093085106382978,3,1
MIX,TRBJ2-4,16,G,A,0.0093085106382978,3,1
MIX,TRBJ2-5,17,T,C,0.0034285714285714,2,1
MIX,TRBJ2-5,18,C,*,0.0034285714285714,2,1
MIX,TRBJ2-5,18,C,C,0.0034285714285714,2,1
MIX,TRBJ2-7,19,G,A,0.0021921812203142,2,1
MIX,TRBJ2-7,20,A,*,0.0021921812203142,2,1
MIX,TRBJ2-7,20,A,G,0.0021921812203142,2,1
MIX,TRBJ1-2,18,T,T,0.0096795844180028,4,2
MIX,TRBJ1-2,19,T,*,0.0096795844180028,4,2
MIX,TRBJ1-2,19,T,G,0.0096795844180028,4,2
MIX,TRBJ1-3,4,G,C,0.014723926380368,4,1
MIX,TRBJ1-3,5,C,*,0.014723926380368,4,1
MIX,TRBJ1-3,5,C,A,0.014723926380368,4,1
MIX,TRBJ2-2,3,T,A,0.003562945368171,2,1
MIX,TRBJ2-3,18,T,C,0.0028653295128939,2,1
MIX,TRBJ2-3,19,C,*,0.0028653295128939,2,1
MIX,TRBJ2-3,19,C,T,0.0028653295128939,2,1
MIX,TRBJ2-3,30,A,T,0.007386806528719,4,2
MIX,TRBJ2-3,31,T,*,0.007386806528719,4,2
MIX,TRBJ2-3,31,T,C,0.007386806528719,4,2
MIX,TRBJ2-5,33,G,T,0.003610108303249,2,1
MIX,TRBJ2-5,34,T,*,0.003610108303249,2,1
MIX,TRBJ2-5,34,T,C,0.003610108303249,2,1
MIX,TRBJ2-5,4,A,T,0.003610108303249,2,1
MIX,TRBJ2-5,5,T,*,0.003610108303249,2,1
MIX,TRBJ2-5,5,T,A,0.003610108303249,2,1
MIX,TRBJ2-6,4,G,T,0.0081521739130434,2,1
MIX,TRBJ2-6,5,T,*,0.0081521739130434,2,1
MIX,TRBJ2-6,5,T,G,0.0081521739130434,2,1
MIX,TRBJ2-6,0,G,G,0.0081521739130434,2,1
MIX,TRBJ1-2,14,A,T,0.0082213947782207,4,2
MIX,TRBJ1-2,15,T,*,0.0082213947782207,4,2
MIX,TRBJ1-2,15,T,C,0.0082213947782207,4,2
MIX,TRBJ1-2,5,T,G,0.0174560083480936,8,3
MIX,TRBJ1-2,6,G,*,0.0174560083480936,8,3
MIX,TRBJ1-2,6,G,T,0.0174560083480936,8,3
MIX,TRBJ2-1,4,G,C,0.0032719283270775,4,2
MIX,TRBJ2-1,13,G,G,0.0015098137896326,2,1
MIX,TRBJ2-1,7,C,C,0.0015098137896326,2,1
MIX,TRBJ2-1,5,T,A,0.0015098137896326,2,1
MIX,TRBJ2-2,40,G,G,0.0029749256268593,3,1
MIX,TRBJ2-2,41,G,*,0.0029749256268593,3,1
MIX,TRBJ2-2,41,G,C,0.0029749256268593,3,1
MIX,TRBJ2-2,2,G,T,0.0029749256268593,3,1
MIX,TRBJ2-2,37,G,T,0.0025499362515937,2,1
MIX,TRBJ2-2,38,T,*,0.0025499362515937,2,1
MIX,TRBJ2-2,38,T,T,0.0025499362515937,2,1
MIX,TRBJ2-3,39,A,T,0.008018832984642399,9,2
MIX,TRBJ2-3,40,T,*,0.008018832984642399,9,2
MIX,TRBJ2-3,40,T,A,0.008018832984642399,9,2
MIX,TRBJ2-3,47,C,A,0.008927374261859501,7,3
MIX,TRBJ2-3,6,C,C,0.0022115739034279,3,1
MIX,TRBJ2-3,7,C,A,0.0022115739034279,3,1
MIX,TRBJ2-3,21,G,A,0.0022115739034279,2,1
MIX,TRBJ2-3,22,A,*,0.0022115739034279,2,1
MIX,TRBJ2-3,22,A,C,0.0022115739034279,2,1
MIX,TRBJ2-7,23,C,C,0.0014524328249818,2,1
MIX,TRBJ2-7,24,C,*,0.0014524328249818,2,1
MIX,TRBJ2-7,24,C,G,0.0014524328249818,2,1
MIX,TRBJ2-7,24,G,A,0.0036231998293233,4,2
MIX,TRBJ2-7,25,A,*,0.0036231998293233,4,2
MIX,TRBJ2-7,25,A,G,0.0036231998293233,4,2
MIX,TRBJ2-2,36,G,A,0.0034149117814456,2,1
MIX,TRBJ2-2,37,A,*,0.0034149117814456,2,1
MIX,TRBJ2-2,37,A,C,0.0034149117814456,2,1
MIX,TRBJ2-2,23,-,T,0.0034149117814456,2,1
MIX,TRBJ2-2,3,C,A,0.0034149117814456,2,1
MIX,TRBJ2-3,14,G,-,0.003183023872679,2,1
MIX,TRBJ2-3,15,-,*,0.003183023872679,2,1
MIX,TRBJ2-3,15,-,-,0.003183023872679,2,1
MIX,TRBJ2-3,16,-,*,0.003183023872679,2,1
MIX,TRBJ2-3,16,-,T,0.003183023872679,2,1
MIX,TRBJ2-6,28,G,T,0.0084151472650771,2,1
MIX,TRBJ2-6,29,T,*,0.0084151472650771,2,1
MIX,TRBJ2-6,29,T,C,0.0084151472650771,2,1
MIX,TRBJ2-7,43,A,G,0.0031963470319633994,3,1
MIX,TRBJ2-7,44,G,*,0.0031963470319633994,3,1
MIX,TRBJ2-7,44,G,A,0.0031963470319633994,3,1
MIX,TRBJ1-1,27,G,A,0.0031645569620253,2,1
MIX,TRBJ1-1,28,A,*,0.0031645569620253,2,1
MIX,TRBJ1-1,28,A,A,0.0031645569620253,2,1
MIX,TRBJ1-2,6,C,G,0.0036166365280289,2,1
MIX,TRBJ1-3,31,A,T,0.0157755907783914,4,2
MIX,TRBJ1-3,32,T,*,0.0157755907783914,4,2
MIX,TRBJ1-3,32,T,T,0.0157755907783914,4,2
MIX,TRBJ1-4,3,G,A,0.0057526366251198,2,1
MIX,TRBJ1-4,0,G,G,0.0057526366251198,2,1
MIX,TRBJ1-5,33,T,T,0.0050632911392405,2,1
MIX,TRBJ1-5,34,T,*,0.0050632911392405,2,1
MIX,TRBJ1-5,34,T,G,0.0050632911392405,2,1
MIX,TRBJ2-2,26,G,-,0.0029806259314456,2,1
MIX,TRBJ2-2,27,-,*,0.0075433635740311,4,2
MIX,TRBJ2-2,27,-,A,0.0075433635740311,4,2
MIX,TRBJ2-2,1,T,T,0.0029806259314456,2,1
MIX,TRBJ2-3,15,T,T,0.0025641025641025,2,1
MIX,TRBJ2-3,16,T,*,0.0025641025641025,2,1
MIX,TRBJ2-3,16,T,T,0.0025641025641025,2,1
MIX,TRBJ2-7,23,C,T,0.0021707670043415,2,1
MIX,TRBJ2-7,24,T,*,0.0021707670043415,2,1
MIX,TRBJ2-7,24,T,G,0.0021707670043415,2,1
MIX,TRBJ2-2,7,C,-,0.0045627376425855,2,1
MIX,TRBJ2-2,8,-,*,0.0045627376425855,2,1
MIX,TRBJ2-2,8,-,G,0.0045627376425855,2,1
MIX,TRBJ2-2,24,G,-,0.0045627376425855,2,1
MIX,TRBJ2-2,25,-,-,0.0045627376425855,2,1
MIX,TRBJ2-2,26,-,-,0.0045627376425855,2,1
MIX,TRBJ2-7,20,G,C,0.0032017075773745,2,1
MIX,TRBJ2-7,21,C,*,0.0032017075773745,2,1
MIX,TRBJ2-7,21,C,C,0.0032017075773745,2,1
MIX,TRBJ1-2,3,T,T,0.0052219321148825,2,1
MIX,TRBJ1-5,27,T,-,0.005813953488372,2,1
MIX,TRBJ1-5,28,-,*,0.005813953488372,2,1
MIX,TRBJ1-5,28,-,G,0.005813953488372,2,1
MIX,TRBJ1-5,36,A,T,0.005813953488372,2,1
MIX,TRBJ1-5,37,T,*,0.005813953488372,2,1
MIX,TRBJ1-5,37,T,T,0.005813953488372,2,1
MIX,TRBJ1-6,3,G,G,0.0065645514223194,2,1
MIX,TRBJ2-1,42,C,-,0.0031007751937984,2,1
MIX,TRBJ2-1,43,-,*,0.0031007751937984,2,1
MIX,TRBJ2-1,43,-,T,0.0031007751937984,2,1
MIX,TRBJ2-5,4,T,C,0.0045592705167173,2,1
MIX,TRBJ2-6,44,C,T,0.0095693779904306,2,1
MIX,TRBJ2-6,45,T,*,0.0095693779904306,2,1
MIX,TRBJ2-6,45,T,G,0.0095693779904306,2,1
MIX,TRBJ1-1,25,A,A,0.0032485110990795,2,1
MIX,TRBJ1-1,26,A,*,0.0032485110990795,2,1
MIX,TRBJ1-1,26,A,G,0.0032485110990795,2,1
MIX,TRBJ1-2,23,T,T,0.0045078888054094,2,1
MIX,TRBJ1-2,24,T,*,0.0045078888054094,2,1
MIX,TRBJ1-2,24,T,G,0.0045078888054094,2,1
MIX,TRBJ2-1,44,T,-,0.0044052863436123,5,1
MIX,TRBJ2-1,45,-,*,0.0044052863436123,5,1
MIX,TRBJ2-1,45,-,C,0.0044052863436123,5,1
MIX,TRBJ2-1,1,A,T,0.0017621145374449,2,1
MIX,TRBJ2-1,34,C,T,0.0017621145374449,2,1
MIX,TRBJ2-1,35,T,*,0.0017621145374449,2,1
MIX,TRBJ2-1,35,T,G,0.0017621145374449,2,1
MIX,TRBJ2-1,22,G,-,0.0017621145374449,2,1
MIX,TRBJ2-1,23,-,*,0.0017621145374449,2,1
MIX,TRBJ2-1,23,-,-,0.0017621145374449,2,1
MIX,TRBJ2-1,24,-,*,0.0017621145374449,2,1
MIX,TRBJ2-1,24,-,-,0.0017621145374449,2,1
MIX,TRBJ2-3,43,T,C,0.0023971234518577,2,1
MIX,TRBJ2-3,44,C,*,0.0023971234518577,2,1
MIX,TRBJ2-3,44,C,C,0.0023971234518577,2,1
MIX,TRBJ2-5,16,C,C,0.0033463469046291,2,1
MIX,TRBJ2-5,17,C,*,0.0033463469046291,2,1
MIX,TRBJ2-5,17,C,T,0.0033463469046291,2,1
MIX,TRBJ2-5,21,G,A,0.0033463469046291,2,1
MIX,TRBJ2-5,22,A,*,0.0033463469046291,2,1
MIX,TRBJ2-5,22,A,C,0.0033463469046291,2,1
MIX,TRBJ2-5,38,C,C,0.0033463469046291,2,1
MIX,TRBJ2-5,39,C,*,0.0033463469046291,2,1
MIX,TRBJ2-5,39,C,G,0.0033463469046291,2,1
MIX,TRBJ2-5,1,C,T,0.0033463469046291,2,1
MIX,TRBJ2-5,2,T,*,0.0033463469046291,2,1
MIX,TRBJ2-5,2,T,A,0.0033463469046291,2,1
MIX,TRBJ2-6,3,T,A,0.0076923076923076,2,1
MIX,TRBJ2-6,4,A,*,0.0076923076923076,2,1
MIX,TRBJ2-6,4,A,G,0.0076923076923076,2,1
MIX,TRBJ2-7,21,G,A,0.001787842669845,2,1
MIX,TRBJ2-7,22,A,*,0.001787842669845,2,1
MIX,TRBJ2-7,22,A,C,0.001787842669845,2,1
MIX,TRBJ2-3,46,T,G,0.0077922077922077,2,1
MIX,TRBJ2-3,47,G,*,0.0077922077922077,2,1
MIX,TRBJ2-3,47,G,A,0.0077922077922077,2,1
MIX,TRBJ1-4,28,T,-,0.0090771558245083,2,1
MIX,TRBJ1-4,29,-,*,0.0090771558245083,2,1
MIX,TRBJ1-4,29,-,G,0.0090771558245083,2,1
MIX,TRBJ1-6,13,C,G,0.0087209302325581,2,1
MIX,TRBJ1-6,14,G,*,0.0087209302325581,2,1
MIX,TRBJ1-6,14,G,C,0.0087209302325581,2,1
MIX,TRBJ2-4,8,A,A,0.017391304347826,2,1
MIX,TRBJ2-4,9,A,*,0.017391304347826,2,1
MIX,TRBJ2-4,9,A,A,0.017391304347826,2,1
MIX,TRBJ2-2,39,T,T,0.0035440047253396,2,1
MIX,TRBJ2-2,40,T,*,0.0035440047253396,2,1
MIX,TRBJ2-2,40,T,A,0.0035440047253396,2,1
MIX,TRBJ1-2,12,A,T,0.005560704355885,2,1
MIX,TRBJ1-2,13,T,*,0.005560704355885,2,1
MIX,TRBJ1-2,13,T,A,0.005560704355885,2,1
MIX,TRBJ2-5,10,C,G,0.0052863436123348,2,1
MIX,TRBJ2-5,11,G,*,0.0052863436123348,2,1
MIX,TRBJ2-5,11,G,A,0.0052863436123348,2,1
MIX,TRBJ2-1,1,G,T,0.0033800096571704,3,1
MIX,TRBJ2-1,5,C,G,0.0028971511347175,2,1
MIX,TRBJ2-5,7,G,AA,0.004307250538406299,3,1
MIX,TRBJ2-5,8,AA,*,0.004307250538406299,3,1
MIX,TRBJ2-5,8,AA,C,0.004307250538406299,3,1
